Prej ali slej, na koncu se vedno zbudiš.; Toda prej ali slej se moraš zbuditi.
V kriogenski komori ne sanjaš ničesar.; V kriospanju sploh ne sanjaš.
Ne občutiš, da je minilo šest let.; Ne zdi se kot šest let.
Tommy je bil znanstvenik, ne pa jaz.; Tommy je bil znanstvenik, ne jaz.
On je bil ta, ki je hotel potovati svetlobna leta daleč, da bi našel odgovore.; On je hotel potovati v vesolje in najti odgovore.
Smo že prispeli?; Smo že tam?
Ja, tukaj smo, sonček.; Smo, sonček.
Za tvojega brata gre.; Za vašega brata gre.
V krio komori ste bili pet let, devet mesecev in 22 dni.; V kriu ste bili 5 let, 9 mesecev in 22 dni.
Lačni boste in slabotni.; Lačni in šibki boste.
Tommy je bil znanstvenik.; Ja, Tommy je bil znanstvenik.
Jaz sem samo še en bedak, ki gre nekam, kjer bo to obžaloval.; Jaz sem samo pešak, ki gre nekam, kamor si ne želi.
Pred nami je Pandora.; Pred nami je bila Pandora.
Ko sem odraščal, sem slišal o njej.; Slišal sem o njej, nisem pa si mislil, da bom šel tja.
Nisem pa si mislil, da bom kdaj šel tja.; Slišal sem o njej, nisem pa si mislil, da bom šel tja.
To bo svež začetek na novem svetu.; To bi bil nov začetek na novem svetu.
Tudi plačilo je dobro.; In plačilo je dobro.
Eno življenje se konča drugo pa se začne.; Eno življenje se konča, drugo začne.
Ko se spustimo pojdite naravnost v bazo, brez ustavljanja!; Ko se rampa spusti, pojdite naravnost v bazo.
Rekel sem si, da bom prestal vsak test, ki ga lahko človek prestane.; Rekel sem si, da lahko opravim vsak test.
Gremo, posebni primer, ne pusti me čakati.; Gremo, posebni primer. Ne bom te čakal.
Glej vse to sveže meso.; Poglej to sveže meso.
Nekoč na Zemlji so to bili vojaki, marinci.; Na Zemlji so bili vojaki in marinci, ki so se bojevali za svobodo.
Tukaj pa so bili samo najemniki, ki so delali za denar, za podjetje.; Tu pa so bili najemniki, ki delajo za denar.
Človek, to ni prav.; To ni prav.
Dame in gospodje, ste na Pandori.; Na Pandori ste, gospe in gospodje.
Če pekel obstaja, si lahko tam privoščite dopust, ko končate na Pandori.; Če obstaja pekel, pojdite tja na dopust po Pandori.
Tam zunaj za ograjo vas vsako živo bitje, ki hodi, leti, ali se plazi po blatu, želi ubiti in vas požreti.; Za tisto ograjo so plazeča se, leteča in čepeča bitja, ki vas hočejo ubiti in vam požreti oči.
Imamo tudi inteligentna, humanoidna bitja imenovana Na'vi.; Tu živijo tudi humanoidi, imenovani Na'vi.
Radi uporabljajo puščice namočene v živčni strup, ki vam v minuti ustavi srce.; Puščice namakajo v strup, ki ti v minuti ustavi srce.
Kosti imajo okrepljene z naravnimi ogljikovimi steklenimi vlakni.; Kosti imajo ojačane z naravnimi ogljikovimi vlakni.
Kot vodja varnosti imam nalogo, da vas obdržim žive.; Vodja varnostnikov sem. Moja naloga je, da vas ohranim žive.
Če hočete preživeti, potrebujete močno voljo.; Če hočete preživeti, morate biti psihično trdni.
Ubogati morate pravila.; Ubogajte pravila.
Podoben si mu.; Čisto si mu podoben.
Jaz sem Norm Spellman. Skupaj sva bila na avatar treningu.; Norm Spellman. Skupaj sva bila na avatarskem urjenju.
Tukaj je soba za povezavo, tukaj se priključiš na avatarja...; To je soba z linki.
Z Normom bova upravljala ta daljinsko vodena telesa, avatarje.; Z Normom bova upravljala telesa, imenovana avatarji.
Vzgojili so jih iz človeške DNK pomešane z DNK domorodcev.; Vzgajajo jih iz kombinacije človeške in domorodne DNK.
Ta je tvoj.; Tamle je tvoj.
Podoben je bratu.; Podoben mu je.
Podoben je tebi.; Tebi je podoben.
Zdaj je to tvoj avatar, Jake.; To je zdaj tvoj avatar, Jake.
Koncept je tak, da je vsakemu upravljavcu prirejen njegov avatar.; Vsak upravljavec dobi svojega avatarja, da sta njuna živčna sistema usklajena.
Ali nekaj podobnega...; Ali nekaj takega.
Delo so mi ponudili, ker se lahko povežem s Tommyjevim avatarjem.; To delo sem dobil, ker se lahko povežem s Tommyjevim.
Je prav tako?; Je to res?
Ja, v navado nam je prešlo, da vse dokumentiramo.; Ja, dokumentirati moramo, kaj vidimo in čutimo.
Ukvarjam se z znanostjo.; Skratka, tu sem in ukvarjam se z znanostjo.
To pa zato, ker ima raje rastline kot ljudi.; Ker ima rastline raje kot ljudi.
Študiral sem pet let, ampak veliko še se moram naučiti.; Pet let se že učim, a se moram še veliko.
To je navadno sranje.; To ni prav.
Nobene pravice nima, da bi vtikal nos v moj oddelek.; Naj se ne vtika v moj oddelek.
Si videl tole? -Ja, gospod.; Ste videli to? –Da, gospod.
Izgledaj kot oni, govori kot oni, pa ti bodo začeli zaupati.; Če bomo izgledali in govorili kot oni, nam bodo zaupali.
To se dogaja, če na njih uporabljaš avtomatske puške.; To se zgodi, če proti njim uporabiš strojnice.
Prav, pridi sem.; Ja. Pridi sem.
To je edini vzrok. To plačuje celotno zabavo.; Samo zato. To plačuje za vse.
Zato uporabi, kar imaš in mi prinesi nek rezultat.; Uporabi, kar imaš, in pokaži rezultate.
Nikar, bom že sam.; Ne, bom sam.
Torej si mislil, da boš kar šel sem, v najbolj sovražno okolje, kar jih človek pozna brez vsakega treninga in poskusil, kako bo šlo?; Si mislil, da boš prišel sem, v najbolj sovražno okolje, kar jih poznamo, in videl, kako bo šlo?
Kaj si imel v glavi?; Kaj ti je šlo po glavi?
Morda sem imel dovolj zdravnikov, ki so mi govorili, česa vse ne zmorem.; Sit sem bil zdravnikov, ki so mi govorili, česa ne morem.
Glavo dol.; Glavo dol!
Tebi to ne bi smelo delati težav.; To ti najbrž ne bo težko.
Fazna uskladitev 99 procentov, povezava je stabilna.; Ujemanje 99 %. Link je stabilen.
Refleks zenice je v redu.; Zenični refleks je dober.
Občutiš vrtoglavico ali slabost?; Čutiš kakšno odrevenelost ali bolečino?
Občutiš kako odrevenelost ali bolečino?; Čutiš kakšno odrevenelost ali bolečino?
Opraviti moramo še nekaj testov premikanja in refleksov.; Še nekaj testov motorike moramo opraviti.
Jake, hočem, da sedeš. -Spravita ga nazaj na ležaj.; Jake, takoj sedi. –Spravita ga nazaj na voziček.
Jake, nisi še navajen svojega avatarskega telesa, to je nevarno.; Nisi vajen svojega avatarja.
To je krasno. -Daj no, uspavali te bodo.; Jake, poslušaj me. –Daj no. Uspavali te bodo.
Je vse v redu? -Dobro sem.; Si v redu? –Ja.
o je zato, ker nismo edini, ki letamo naokrog.; Ker nismo edini, ki letijo tam okrog.
Mislil sem, da ne boš nikoli rekla.; Upal sem, da boš to rekel.
Hoteli ste me videti, polkovnik?; Ste me iskali, polkovnik?
Če oslabiš te bo Pandora ubila brez vsakega opozorila.; In če oslabiš, te Pandora brez opozorila ubije.
Ampak ne kot to tukaj.; Ampak ne tako kot tu.
Nekaj let pred teboj, morda več kot samo nekaj let.; Nekaj let pred tabo. Ali pa več.
Vsak dan me opominja, kaj me pričakuje zunaj.; Opominja me na to, kaj je tam zunaj.
Tak marinec bi mi lahko priskrbel podatke s terena, ki jih potrebujem.; Tak marinec bi lahko pridobil informacije na terenu.
Lahko to narediš zame, sinko?; Boš naredil to zame?
Seveda, gospod.; Zveni dobro, gospod.
Potem je v redu.; V redu.
Sinko, jaz poskrbim za svoje.; Jaz poskrbim za svoje ljudi.
Priskrbi mi, kar potrebujem, pa bom poskrbel, da dobiš nazaj svoje noge, ko boš šel domov.; Če se boš izkazal, ti bom priskrbel noge.
Resnične noge.; Prave noge.
To je slišati krasno, gospod.; Zveni dobro, gospod.
Ugasni ga, nekaj časa bomo tukaj.; Ugasni motorje. Nekaj časa bomo ostali.
Glede na hitrost reakcije je verjetno električno.; Po hitrosti sodeč je električno.
Ne streljaj, samo razjezil ga boš.; Ne streljaj. Ne streljaj! Razdražil ga boš.
Je že jezen.; Je že razdražen.
Kdo je zloben? Tako je prav.; Kdo je nevaren? Tako je.
Tako je prav, beži nazaj k mami.; Tako je. Steci nazaj k mamici.
Nimam časa celo prekleto noč.; Nimam časa vso noč.
Vem, da me verjetno ne razumeš.; Saj ne misliš resno.
To je res naredilo vtis.; To je bilo enkratno.
Z menoj bi bilo konec, če ne bi prišla zraven.; Če ne bi prišla, bi bilo po meni.
Hotel sem se ti samo zahvaliti, da si pobila te stvore...; Samo hvala bi ti rekel, ker si jih pobila.
Za to se ne zahvaljuj.; Za to ne rečeš hvala.
Samo zelo žalostno.; To je žalostno. Samo zelo žalostno.
Prav, žal mi je.; V redu. Žal mi je.
Karkoli sem že naredil, žal mi je.; Karkoli sem že naredil, mi je žal.
Za vse to si ti kriv, ne bi jim bilo treba umreti.; Ti si kriv. Ne bi jim bilo treba umreti.
Jaz sem kriv? Oni so napadli mene, kako to, da sem zdaj jaz zlobnež?; Jaz sem kriv? Zakaj? Oni so napadli.
Si kot majhen otrok, tako glasen, ne veš, kaj bi naredil.; Kot otrok si. Hrup delaš, ne veš, kaj bi.
Če imaš tako rada svoje majhne gozdne prijateljčke, zakaj jih nisi potem pustila, da bi me ubili?; Če imaš tako rada svoje gozdne prijatelje, zakaj nisi pustila, da me ubijejo?
Če sem kot otrok bi me lahko morda učila.; Če sem kot otrok, bi me morala podučiti.
Potrebujem tvojo pomoč.; Vendar potrebujem pomoč.
Kaj je to?; Kaj je bilo to?
Tsahik se mora odločiti.; Tsahik naj odloči.
Ta stvor... zakaj si ga pripeljala sem?; To bitje … Zakaj si ga pripeljala sem?
Hotela sem ga ubiti, potem pa sem videla Eywin znak.; Hotela sem ga ubiti, toda Eywa je poslala znamenje.
Rekel sem, da ne sme sem noben nočni popotnik.; Rekel sem, da sanjehodci ne smejo sem.
Nos se mi obrača od njegovega smradu.; Poln nos njegovega vonja imam.
Moj oče se odloča, če te naj ubije ali ne.; Oče se odloča, ali naj te ubije.
Umakni se!; Poberi se!
Poskusili smo učiti ostale ljudi z nebes.; Ljudi z neba smo poskusili učiti.
Težko je napolniti skodelico, ki je že polna.; Težko je napolniti čašo, ki je že polna.
Vprašaj dr. Augustine, jaz nisem znanstvenik.; Vprašajte dr. Augustinovo. Nisem znanstvenik.
Odločeno je.; V redu je.
Moja hčerka te bo učila o našem življenju.; Odločeno je. Moja hči te bo učila naših navad.
Hočejo me proučevati, moram se naučiti, da bom eden izmed njih.; Preučevali me bodo. Postal bom eden od njih.
Poskusili smo jim dati medicino, izobrazbo, ceste, ampak ne, njim je všeč blato.; Hoteli smo jim dati zdravila, izobrazbo, ceste … Ampak ne. Raje imajo blato.
Zato mi najdi korenček, ki jih bo spravil proč.; Najdi korenček, ki jih bo zvabil stran.
Tri mesece časa imaš, potem pridejo tja buldožerji.; Tri mesece imaš. Potem pridejo buldožerji.
Všeč mi je ta fant.; Všeč mi je.
Prav, poglejmo še enkrat.; Poskusimo še enkrat.
Kdo pa gre na zmenek s poglavarjevo hčerko?; Kdo ima zmenek s poglavarjevo hčerko?
Gremo, v vasi zgodaj vstajajo.; Pojdimo, vas se zgodaj prebudi.
Ne naredi česa izjemno neumnega.; Ne stori ničesar izjemno neumnega.
Občuti jo.; Začuti jo.
Zdaj ji povej, naj gre naprej.; Za zdaj ji povej, kam naj gre.
Če boste hoteli to zadevo napasti, ne bo enostavno.; Če jih boste hoteli napasti, ne bo lahko.
Kaj nam še lahko poveš o strukturi?; Kaj še lahko poveš o zgradbi?
Domnevam, da je ta drug obroč nosilni.; Mislim, da je drugi obroč nosilen.
Ne bom dovolila, da Selfridge in Quaritch vodita celotno zadevo.; Ne dovolim, da se Selfridge in Quaritch vmešavata.
V planinah Aleluja?; V gorovju Aleluja?
Legendarne lebdeče planine Pandore, nisi še slišal za njih?; Legendarne plavajoče gore. Si slišal zanje?
Ja, poglej moje naprave.; Poglej moje instrumente.
Hvala, da ste leteli z družbo Pandora.; Hvala, ker ste leteli z Air Pandoro.
Res moram to narediti zdaj? Potrebujem malo počitka.; Moram zdaj? Res se moram naspati.
Ne, zdaj, ko še je sveže.; Zdaj, dokler je sveže.
Ugotovil sem, da je kot razstavljanje orožja. Vse je stvar ponavljanja.; Jezik je naporen, ampak podobno je razstavljanju orožja. Eno samo ponavljanje.
To ne pomeni samo, da te vidim pred seboj, ampak, da vidim v tebe...;" Ni samo ""vidim te pred sabo"", ampak ""Vidim vate."" Dobro je, da je z nami, ampak tudi zanj sem skxawng."
Vedno govori o pretoku energije, o živalskih duhovih.; Kar naprej govori o pretoku energije in živalskih duhovih.
Tukaj ne gre samo za koordinacijo med očmi in rokami.; Ne gre samo za koordinacijo oči in rok.
Poskusi videti gozd skozi njene oči.; Poskusi videti gozd z njenimi očmi.
Ob Neytiri se lahko samo hitro naučiš ali pa umreš.; Z Neytiri se moraš hitro učiti, drugače umreš.
Prvič, odkar so zaprli njeno šolo.; Prvič, odkar so njeno šolo zaprli.
Poskušam razumeti to globoko povezavo, ki jo imajo ljudje z gozdom.; Poskušam dojeti njihovo globoko vez z gozdom.
Govori o pretoku energije.; Govori o mreži energije, ki se pretaka skozi vsa živa bitja.
Pravi, da je vsa energija samo sposojena.; Pravi, da je energija samo sposojena in da jo moraš nekoč vrniti.
Vidim te, brat, in se ti zahvaljujem.; Vidim te, brat, in zahvaljujem se ti.
Kaj pa zdaj?; Pa zdaj?
Kako bom vedel, da je tudi on izbral mene?; Kako bom vedel, da me je izbral?
Poskusil te bo ubiti.; Ubiti te bo hotel.
Ne boj se, bojevnik!; Ne boj se, bojevnik.
Prvi polet zapečati zvezo, zdaj ne smeš čakati.; Prvi polet zapečati vez. Ne smeš čakati.
Zavij levo.; Tako ja. Nagni se na levo.
Morda res nisem bil dober s konji, ampak za to sem bil rojen.; Konji mi ne ležijo preveč, za to pa sem rojen.
Drevo duš.; Drevo glasov.
To moti moje naprave.; To moti moje instrumente.
Tam spodaj se dogaja nekaj biološko izjemno zanimivega.; Tam se dogaja nekaj biološko zelo zanimivega.
Umrla bi za kak vzorec.; Vse bi dala za nekaj vzorcev.
Edini problem je, da nisem edini.; Edina težava je, da nisi edini.
Za menoj!; Za mano!
Imenujemo ga veliki leonopteryx.; Naši mu rečejo veliki leonopteriks.
Ded mojega deda je bil Toruk Makto.; Moj prapraded je bil toruk macto.
Na tem je jahal?; To je jezdil?
To se je zgodilo samo petkrat vse od časov prvih pesmi.; V času od Prve pesmi se je zgodilo samo petkrat.
Združil je klane v času velikega žalovanja.; V času velike žalosti je združil klane.
Zdaj vse izgleda obrnjeno.; Nato pa se je vse spremenilo.
Ne morem verjeti, da so minili samo še trije meseci.; Težko je verjeti, da so minili samo trije meseci.
Sploh se ne spomnim več vsega iz svojega življenja.; Starega življenja se skoraj ne spomnim več.
Ne vem več, kdo sploh sem.; Ne vem več, kdo sem.
Saj se nisi izgubil v gozdovih, ali ne?; Si se izgubil v gozdu?
Tvoje zadnje poročilo je bilo pred več kot dvema tednoma.; Že več kot dva tedna nisi poročal.
Začel sem že dvomiti, da si dal odpoved.; Začel sem dvomiti o tvoji odločnosti.
Čas je, da končamo nalogo. -Tega ne morem narediti.; Mislim, da je čas, da opravimo nalogo.
Saj si že.; Saj ti je že.
Dal si mi dobre in uporabne podatke.; Dal si mi uporabne podatke.
Zdaj je čas, da se vrneš.; Zdaj pa je čas, da se vrneš.
Končati moram s tem.; To moram končati.
Če jo opravim bom eden izmed njih.; Če to storim, bom eden od njih.
Zaupali mi bodo.; In zaupali mi bodo.
Lahko se bom pogajal o pogojih za njihovo premestitev.; Lahko se bom dogovoril o selitvi.
Na'vi pravijo, da se vsak rodi dvakrat.; Na'vi pravijo, da se človek rodi dvakrat.
Tukaj je kraj, kjer se poslušajo molitve.; Tu je kraj, kjer so molitve slišane.
In včasih so tudi uslišane.; In včasih uslišane.
Lahko si tudi izbereš ženo.; In lahko si izbereš žensko.
Ampak ta ženska mora tudi izbrati mene.; Ampak tudi ta ženska mora izbrati mene.
Zdaj sem s teboj, Jake.; Zdaj sem s tabo, Jake.
Poročena sva za vse življenje.; Združena sva za vse življenje.
Ne pozabi na fazno integracija, srednji gumb.; Ne pozabi fazne integracije.
Kdaj si se zadnjič stuširal?; Kdaj si se nazadnje oprhal?
Vidiš, umaknil se je.; Tako. Umaknil se je.
Tukaj nimaš pravice govoriti!; Tu nimaš pravice govoriti.
Udarili jih bomo naravnost v srce!; Udarili jih bomo v srce.
Pa tudi tvoj sovražnik nisem!; Nisem tvoj sovražnik.
Sovražniki so tam zunaj! In zelo močni so!; Sovražnik je tam zunaj in zelo močan je.
Pravico imam govoriti.; In pravico imam govoriti.
Jake! Kaj za vraga se dogaja?; Jake! Kaj se dogaja?
Našel si domačinko in pozabil, za katero ekipo igraš?; Kako torej, si našel domačinko in pozabil, za katero ekipo igraš?
Praviš, da bi rad obdržal svoje ljudi žive?; Bi radi ohranili svoje ljudi žive?
In kaj natančno je to?; In kaj je to?
Zaenkrat za gotovo vemo, da obstaja neke vrste elektro-kemična komunikacija med koreninami dreves.; Mislim, da nekakšna elektrokemična komunikacija med koreninami dreves, kot sinapse med nevroni.
Kaj za vraga ste vi ljudje tam zunaj kadili?; Kaj ste pa kadili tam zunaj?
Bogastvo tega sveta ni v zemlji, pač pa vsepovsod okrog nas.; Bogastvo tega sveta ni v tleh, ampak vse okrog nas.
Na'vi se tega zavedajo in borili se bodo, da to obranijo.; Na'vi to vedo, zato ga branijo.
Če hočete ta svet deliti z njimi jih morate razumeti.; Če hočete deliti ta svet z njimi, jih morate razumeti.
Nikoli se ne bodo odrekli domu.; Ne bodo se odpovedali svojemu domu.
Nimamo ničesar, kar bi oni hoteli.; Nič takega nimamo, kar bi jih mikalo.
Nikoli ne bodo zapustili domovinskega drevesa.; Nikoli ne bodo zapustili Domačega drevesa.
Opravil bom z kar najmanj žrtvami med domačini.; Opravil bom s čim manj žrtvami med domorodci.
Najprej jih bom izgnal s plinom.; Najprej jih bom pregnal s plinom.
Tako to poteka.; Tako se to dela.
Ko ljudje sedijo na tem, kar hočeš imeti, jih narediš za sovražnike, tako opravičiš to, kar si prisvojiš.; Če nekdo sedi na nečem, kar hočeš, ga narediš za sovražnika. In potem mu imaš pravico tisto vzeti.
Umakni se!; Poberi se!
To so navadni divjaki, ki živijo na drevesu.; To so ušivi divjaki, ki živijo v drevesu.
Če nočeš svojega dekleta tam notri ko padejo sekire jih prepričaj v umik. V eni uri.; Če nočeš, da je tvoja punca tam, ko bomo napadli, naj se izselijo. Ena ura.
Eytukan, nekaj vam moram povedati.; Eytukan, nekaj bi rad povedal.
Veliko zlo prihaja nad nas...; Veliko zlo nam grozi.
Morate oditi, drugače boste vsi umrli.; Oditi morate, drugače boste umrli.
Si prepričan v to?; Si prepričan?
Vedel si, da se bo to zgodilo?; Kaj hočeš reči? Si vedel, da se bo to zgodilo?
Najprej sem samo poslušal ukaze.; Sprva sem samo ubogal ukaz.
Potem pa se je vse spremenilo.; Nato pa se je vse spremenilo.
Tako se znebiš ščurkov.; Tako se prežene ščurke.
Vse enote, vključite rakete.; Vse enote, vklopite izstrelke.
Podrite ga.; Odpeljite ga.
Kaj za vraga delaš?; Kaj delaš?
Nikoli se ne vračaj!; Nikoli se ne vrni!
Bil sem bojevnik, ki je sanjal, da bo prinesel mir.; Bil sem bojevnik, ki je mislil, da lahko prinese mir.
A prej ali pozneje, na koncu se vedno zbudiš.; Toda prej ali slej se moraš zbuditi.
Kako kaj gre, dolgo se že nisva videla.; Kaj se dogaja? Dolgo se nisva videla.
Veš, kaj je to. Na tla.; Veš, kaj to pomeni. Na tla.
Trudy, zaženi letalo.; Trudy, vžgi ladjo. Gremo!
Grace so zadeli. -Kaj?; Grace je ranjena. –Kaj?
Poiskal ti bom pomoč, Grace.; Pomoč ti bom poiskal.
Zakaj bi nam hoteli pomagati?; Zakaj bi nam pomagali?
Narod pravi, da bo Eywa poskrbela za nas.; Ljudstvo pravi, da bo Eywa pomagala.
Ampak brez doma in upanja so lahko šli samo na en kraj.; Ko so ostali brez doma in upanja, so se lahko zatekli le na en kraj.
Potreboval sem njihovo pomoč in oni so potrebovali mojo.; Potreboval sem njihovo pomoč, oni pa mojo.
Včasih se nam celotno življenje obrne v eni sami nori potezi.; Včasih se življenje strne v eno samo noro potezo.
In ne bo ti všeč.; Ne bo ti všeč.
Zakaj bi torej kdaj pogledal gor?; Zakaj bi se torej oziral gor?
To je bila samo teorija.; Ampak to je bila le teorija.
In jaz tebe.; Tudi jaz tebe.
Tsu'Tey, sin Ateya, pred teboj stojim, da poskusim rešiti narod Omaticaya.; Tsu'tey, Ateyev sin, pred tabo stojim, pripravljen služiti ljudstvu Omaticaya.
Z njo sem, Jake.; Pri njej sem, Jake.
Je delovalo?; Je uspelo?
Njene rane so bile prehude.; Rane so bile prehude. Premalo časa je bilo.
Zdaj je z Eywo.; Zdaj je pri Eywi.
S tvojim dovoljenjem bi zdaj spregovoril.; Če dovoliš, bi rad nekaj povedal.
Bilo bi mi v čast, če boš prevajal.; V čast mi bo, če boš prevajal.
Ljudje iz nebes so nam poslali sporočilo, da si lahko vzamejo vse, kar si želijo.; Ljudje z neba so nam sporočili, da lahko vzamejo, kar hočejo, in da jih ne more nihče ustaviti.
Ampak mi bomo poslali sporočilo njim.; Tudi mi bomo njim poslali sporočilo.
Poletite naokrog tako hitro, kot vas bo veter lahko nesel.; Pojezdite hitro, kolikor vas veter nese.
Povejte jim, da jih kliče Turok Makto.; Recite jim, da jih kliče Toruk Macto.
Moji bratje, sestre, pokazali bomo ljudem z nebes, da si ne morejo vzeti vsega, kar si želijo!; Ljudem z neba bomo pokazali, da ne morejo vzeti, kar hočejo, in da je to naša zemlja.
Ko jih je poklical Turok Makto so prišli.; Ko jih je Toruk Macto poklical, so prišli.
Orbitalni posnetki kažejo da se je število sovražnikov povečalo od nekaj sto do precej več kot dva tisoč v samo enem dnevu.; Orbitalne slike kažejo, da je njihovo število z nekaj sto v enem dnevu naraslo na več kot dva tisoč.
V enem tednu jih je lahko več kot dvajset tisoč.; V enem tednu jih je lahko 20.000.
Sovražniki verjamejo, da njihovo planinsko utrdbo varuje njihovo božanstvo.; Sovražniki verjamejo, da njihovo gorsko oporišče varuje njihovo … Njihovo božanstvo.
In ko jo uničimo, bomo v njihov spomin naredili tak krater, da se ne bodo približali na manj kot tisoč kilometrov temu mestu nikoli več.; Ko ga bomo uničili, bomo naredili tako veliko luknjo v njihovem kolektivnem spominu, da se temu kraju ne bodo več približali.
Quaritch je prevzel poveljstvo, podivjal je in ne bo se ustavil.; Quaritch je prevzel vodstvo. Nič ga ne bo ustavilo.
Kdaj? -Zjutraj ob šestih.; Kdaj? –Jutri ob 6.00.
Moram prekiniti.; Moram poskusiti.
Najebali smo.; Nasankali smo.
Upala sem na nek taktični načrt, ki ne vključuje mučeništva.; Upala sem na taktični plan, ki ne bo zahteval mučeništva.
Proti letalom se bomo borili z loki in puščicami.; Proti bojnim ladjam se bomo borili z loki in puščicami.
Več kot dva tisoč bojevnikov.; Več kot 2000 bojevnikov.
Streljali bodo lahko samo na to, kar vidijo.; Zanašati se bodo morali na vid.
Verjetno se zdaj pogovarjam samo z drevesom.; Verjetno se pogovarjam z drevesom.
Če je Grace s teboj, poglej v njene spomine.; Če je Grace s tabo, poglej v njene spomine.
Poglej svet s katerega prihajamo.; Poglej svet, od koder prihajamo.
Tam ni ničesar zelenega.; Tam ni zelenja.
Ubili so lastno mati.; Ubili so svojo mater.
Enako bodo naredili tukaj.; In tu bodo storili isto.
Še več ljudi bo prišlo iz nebes.; Še več ljudi z neba bo prišlo.
Prihajalo bodo kot dež, ki ga ni nikoli konec.; Prišli bodo kot dež, ki ga ni nikoli konec.
Razen, če jih zdaj ustavimo.; Razen če jih ustavimo.
Zaradi nečesa si me izbrala.; Za nekaj si me izbrala.
Uprl se bom in se boril.; Uprl in boril se bom.
Dobro veš, da se bom res.; Veš, da se bom.
Varuje samo ravnotežje življenja.; Ohranja samo ravnotežje življenja.
Govori vodja skupine, vstopamo v energetski vrtinec.; Tu vodja skupine. Vstopamo v Vrtinec.
Porinimo ga k rampi!; Spravi ga k rampi!
Škorpijoni, zasledujte jih in jih uničite.; Škorpijoni, zasledujte in uničite.
Jake, Jake, me slišiš?; Jake, me slišiš?
Čisto blizu so, tako veliko jih je.; Zelo blizu so. Veliko jih je.
Si slišala, Neytiri?; Me slišiš, Neytiri?
Umakni se, beži proč! To je ukaz!; Umakni se. Pojdi stran! To je ukaz!
Na moj znak. Dva, ena, zdaj.; Na moj znak. Dve, ena, zdaj.
Pridi k očku.; Pridita k očku.
Na nek način sem kar upal, da boš to rekel.; Upal sem, da boš to rekel.
Sully, kakšen je občutek ko izdaš lastno raso?; Hej, Sully, kako je, če izdaš lastno raso?
Misliš, da si eden izmed njih?; Misliš, da si eden od njih?
Tujci so odšli nazaj na svoj umirajoči svet.; Tujci so se vrnili na svoj umirajoči planet.
Vem, kaj je ta stvar.; Vem, kaj je to.
Pripadala je človeku, ki sem ga spoznal v bežno pomnjenem snu.; Pripadala je človeku, ki sem ga spoznal v bežno pomnjenih sanjah.
Popolnoma izoblikovana, docela razumljena ideja, ostane.; Popolnoma izoblikovana, popolnoma razumljiva ideja, ostane.
Nekje tu notri. -Da jo nekdo tebi podoben ukrade?; Nekje tu notri. -Da jo nekdo kot ti ne ukrade?
G. Saito, lahko izurimo vašo podzavest, da se obrani celo najbolj veščega izvlačitelja. -Kako to napravim?; G. Saito, lahko izurimo vašo podzavest, da se ubrani celo najbolj veščega izvlačitelja. -Kako to naredim?
Zvijače so mi znane, in, lahko vas naučim, da celo v snu vaša obramba ne odpove.; Zvijače so mi znane in lahko vas naučim, da celo v spanju vaša obramba ne odpove.
Pa saj ni važno. Lahko izvlečem. Zaupaj mi.; Ni važno. Lahko izvlečem. Zaupaj mi.
Menila sem, da me morda pogrešaš.; Mislila sem, da me morda pogrešaš.
Kaj izvajaš? -Na svež zrak grem. Ne mrdaj, Mal.; Kaj počneš? -Na svež zrak grem. Ostani kjer si, Mal.
Da si me prišel okrast, ali, da pravzaprav spimo?; Da si me prišel oropati, ali, da pravzaprav spimo?
Saita skušam še malce zadržati v snu. Skoraj smo že opravili.; Saita skušam še malce zadržati v spanju. Skoraj smo že opravili.
Evo, pa smo tu.; No, pa smo tu.
Vprašanje je, čemu ste nam sploh dopustili?; Vprašanje je, zakaj ste nam sploh dopustili?
Nima veze. Niste opravili.; Ni pomembno. Niste opravili.
Zato me pustite na miru.; Zato me pustite pri miru.
Zgleda, da bom moral opraviti nekoliko preprosteje.; Izgleda, da bom moral opraviti nekoliko preprosteje.
Nisem vedel, da bo drgnil svoj frdamani fris obnjo. -Dovolj bo.; Nisem vedel, da bo drgnil svojo prekleto glavo ob njo. -Dovolj bo.
Ne bi rad videl kako zgleda brez nadzora. -Jaz... nimamo časa za tole. Izstopim v Kyotu.; Nočem videti kako izgleda brez nadzora. -Jaz... Nimamo časa. Izstopim v Kyotu.
Ja, halo? -Živjo, ati.; Ja, halo? -Živjo, očka.
Lej, povedal sem ti. Ni me, ker delam, ja?; Poglej, povedal sem ti. Ni me, ker delam, v redu?
Ati? -Ja, James?; Očka? -Ja, James?
Zadosti, otroka. Poslovita se.; Dovolj, otroka. Poslovita se.
Pridna bodita, pa ...; Pridna bodita, pa...
A si dobro? -Ja, v redu. Zakaj?; Si v redu? -Ja, v redu. Zakaj?
Blokada v sajah, pojavi se je Mal ...; Blokada v sajah, Mal se je pojavil...
Čedalje slabše je, kajne? -Ti opravičilo ni zadosti, Arthur?; Čedalje slabše je, kajne? -Ti opravičilo ni dovolj, Arthur?
Lej, vem kako si želiš domov.; Vem, kako si želiš domov.
To ni možno izvesti. -Pač, izvedljivo je.; To ni mogoče izvesti. -Pač, izvedljivo je.
Čemu gremo v Pariz?; Zakaj gremo v Pariz?
Menim, da utegnejo najti način, da se v tvojem primeru sprovede.; Menim, da utegnejo najti način, da se v tvojem primeru to spremeni.
Glej ... tole sem ti prinesel, da ob priliki daš otrokoma.; Glej... to sem ti prinesel, da ob priliki daš otrokoma.
Več kot nagačena plišasta živalca bo treba, da ta otroka prepriča, da še imata očeta.; Več kot nagačena plišasta živalca bo potrebna, da se otroka prepričata, da še imata očeta.
Ne bi bil tule, če bi poznal kak drug način.; Ne bi bil tukaj, če bi poznal kakšen drug način.
Zavestno ustvariš vsak aspekt.; Zavestno ustvariš vsak vidik.
Kako naj pridobim zadosti detajlov, da bo ta svet smatral kot realnost?; Kako naj pridobim dovolj podrobnosti, da bo ta svet smatral kot realnost?
Le ko se zbudimo, spoznamo, da je bilo pravzaprav nekaj čudnega.; Le ko se zbudimo spoznamo, da je bilo pravzaprav nekaj čudnega.
Nikoli niso le sanje, kajne? Obraz poln črepinj boli kot vrag.; Nikoli niso le sanje, kajne? Obraz poln stekla boli kot vrag.
Razvila ga je vojska. »Deljene sanje« je program urjenja, da se vojaki streljajo, med sabo koljejo in davijo, nakar se prebudijo.; Razvila ga je vojska. »Deljene sanje« je program urjenja, da se vojaki streljajo med sabo, pobijajo in davijo, ter se prebudijo.
Pet minut v resničnem svetu je ena ura v snu.; Pet minut v resničnem svetu je ena ura v spanju.
Kdo so ti ljudje? -Projekcija moje podzavesti.; Kdo so ti ljudje? -Predstavitev moje podzavesti.
Tak je eden od načina izvlačenja informacij iz subjekta.; Tak je eden od načina izvlačenja informacij iz predmeta.
Yusuf. On cmari lastne variante zmesi.; Yusuf. On ustvarja lastne naključne zmesi.
Kdaj me boš odvedel tja? -Ko se boš odkrižal zasledovalca.; Kdaj me boš odpeljal tja? -Ko se boš odkrižal zasledovalca.
Zdajle ne sanjaš, kaj?; Sedaj ne sanjaš, kaj?
Kaj počnete v Mombasi? -Zaščititi moram svoje investicije.; Kaj počnete v Mombasi? -Zaščititi moram svoje vloge.
Ah, a tak je tvoj način da se znebiš zasledovalca?; Takšen je tvoj način, da se znebiš zasledovalca?
Če hočeš zgraditi tri kompletne nivoje sanj, moraš obvladati nekaj trikov.; Če hočeš zgraditi tri popolne nivoje sanj, moraš obvladati nekaj trikov.
A tako. Kako veliki morajo biti ti nivoji?; V redu. Ampak kako veliki morajo biti ti nivoji?
Lahko je karkoli velikosti nadstropja do celega mesta.; Lahko je kakršnekoli velikosti nadstropja do celega mesta.
Nihče ne mara, da mu nekdo drug brklja po umu.; Nihče ne mara, da mu nekdo drug išče po umu.
Kar si videla tam, je le njegova projekcija nje.; Kar si videla tam, je le njegova predstavitev nje.
Tam te rabimo zaradi zmesi, prilagojenih našim potrebam.; Tam te potrebujemo zaradi zmesi, prilagojenih našim potrebam.
Ni možno. Toliko sanj znotraj sanj je preveč nestabilno.; Nemogoče. Toliko sanj znotraj sanj, je preveč nestabilno.
 Pa je možno; le pomirjevalo potrebuješ."; Mogoče je le, če vzameš pomirjevalo.
Pri takem poslu ni prostora za turiste, gospod Saito.; Pri takšnem poslu ni prostora za turiste, gospod Saito.
Zdi se, da tokrat je.; Kot izgleda, tokrat je.
Tole, mislim, da je primerno za začetek. Uporabljam ga vsak dan.; Tole mislim, da je primerno za začetek. Uporabljam ga vsak dan.
Vsak dan si pridejo delit sanje.; Vsak dan si pridejo deliti sanje.
Koliko časa sanjajo? -Po 3, 4 ure vsak dan.; Koliko časa sanjajo? -Po tri do štiri ure vsak dan.
 Kakšnih 40 ur; dan za dnem. -Čemu to počno?"; Kakšnih 40 ur, dan za dnem. -Čemu to počnejo?
Veš, kaj ti je storiti.; Veš, kaj moraš storiti.
Gospod Saito, tole ni tipična korporacijska špionaža.; Gospod Saito, to ni tipično korporacijsko vohunjenje.
Mi lahko omogočite pristop do tegale človeka?; Mi lahko omogočite pristop do tega človeka?
Priporočila so nekaj, kar je moja specialnost, g. Saito.; Priporočila so nekaj, kar je moja posebnost, g. Saito.
Tule ne voham pogodbe. Odvedite ga dol.; Tukaj ne voham pogodbe. Odpeljite ga dol.
Aja, naj izrazimo vašo skrb neposredno Mauricu?; Ali naj izrazimo vašo skrb neposredno Mauricu?
Robert, ti nisem rekel ... da spokaš iz mesta? -Moment.; Robert, ti nisem rekel, da izgineš iz mesta? -Trenutek.
Tak daj že. Pojdi ...; Daj že. Pojdi...
Vem, da je zdaj to težko, vendar nujno. -Ne zdaj, stric Peter.; Vem, da je zdaj to težko, vendar je nujno. -Ne sedaj, stric Peter.
Na prvem nivoju sanj ga lahko upodabljam in sugeriram koncepte Fischerjovemu zavestnemu umu.; Na prvem nivoju sanj ga lahko upodabljam in priporočim koncepte Fischerjovemu zavestnemu umu.
Nato, ko ga povedemo nivo globlje, bi njegova lastna projekcija Browninga morala, morala bi se mu povrniti.; Nato, ko ga povedemo nivo globlje, bi se njegova lastna projekcija Browninga, morala povrniti.
Torej si bo sam dal idejo. -Natanko tako.; Torej si bo sam izmislil idejo. -Natanko tako.
Tvoje odobravanje je vedno cenjeno, Arthur. Hvala.; Tvoje priznanje je vedno cenjeno, Arthur. Hvala.
Ne, pač pa sem ... Izvajal sem neke eksperimente.; Ne, pač pa sem... Izvajal sem neke poizkuse.
Ja, jaz ... Obdelujem svoj totem. -Daj, naj si ga pogledam.; Ja, jaz... Obdelujem svoj totem. -Naj si ga pogledam.
Se torej učiš, a? -Elegantna rešitev za stik z realnostjo.; Se torej učiš, kaj? -Elegantna rešitev za stik z realnostjo.
Vsak nivo se navezuje na del subjektove podzavest, kamor skušamo dostopiti.; Vsak nivo se navezuje na del predmetove podzavesti, kamor skušamo priti.
Nato, ko dospemo na spodnji nivo, izvlečemo glavno orožje: »Moj oče noče, da sem kot on«. -Točno.; Nato, ko pridemo na spodnji nivo, izvlečemo glavno orožje: »Moj oče noče, da sem kot on«. -Točno.
Pomiritev. Za spanje, dosti stabilno za ustvarjanje treh nivojev sanjanja, bo treba kombinirati z izjemno močnim uspavalom.; Pomiritev. Za spanje, dosti stabilno za ustvarjanje treh nivojev sanjanja, bo treba mešati z izjemno močnim uspavalom.
Odvisno od sanj. -Ko vsadimo idejo, kako pridemo ven?; Odvisno od sanj. -Ko vstavimo idejo, kako pridemo ven?
Rabimo ... rabimo vsaj dobrih 10 ur.; Potrebujemo... Potrebujemo vsaj dobrih 10 ur.
Ker je v Boingu 747 pilotova kabina v nadstropju, prvi razred pa v nosu, tako nihče ne hodi skozenj.; Ker je v Boingu 747 pilotova kabina v nadstropju, prvi razred pa v nosu, tako nihče ne hodi skozi.
Zakaj si to delaš? -Edini način je, da še lahko sanjam.; Zakaj si to počneš? -Edini način je, da še lahko sanjam.
Tvoji spomini so, in rekel si, naj se spominov nikoli ne uporablja.; Tvoji spomini so in rekel si, naj se spominov nikoli ne uporablja.
Oh, kaj pa je tam spodaj za čemer žaluješ?; Kaj pa je tam spodaj za čemer žaluješ?
Zastavila ti bom uganka.; Povedala ti bom uganko.
Veste, nisem mogel spregledati, toda, da niste slučajno v sorodu ...; Veste, nisem mogel spregledati, toda, ali ste slučajno v sorodu...
Nalivanje s preveč zastonj šampanjca pred odhodom, a, Yusuf? -Ha ha, hudo smešno.; Nalivanje s preveč zastonj šampanjca pred odhodom, a Yusuf? -Zelo smešno.
Kaj počnete? -O, pardon. Sem mislil, da je prosto.; Kaj počnete? -Se opravičujem. Sem mislil, da je prosto.
Lahko ustavite in se znebite tegale ...; Lahko ustavite in se znebite tega...
Tega ni v mojem dizajnu.; Tega ni v mojem načrtu.
A si v redu? -Ja, dobro. Ni mi sile.; A si v redu? -Ja, dobro.
In kje si bil ti? Kaj se ti je zgodilo? -Punca je splanirala tovorni vlak.; In kje si bil ti? Kaj se ti je zgodilo? -Punca je načrtala tovorni vlak.
Tole niso normalne projekcije! Zaboga, bili so izurjeni. -Prav imaš.; To niso bile normalne predstavitve! Zaboga, bili so izurjeni. -Prav imaš.
Pomiri se. -Ne govori mi o pomiritvi, to je bila tvoja naloga, hudič prekleti!; Pomiri se. -Ne govori mi, naj se pomirim, to je bila tvoja naloga!
Ajde, odrešimo ga muk. -Ne, nikar. Nikar ne počni tega!; Odrešimo ga muk. -Ne, nikar. Nikar ne počni tega!
Iz tehle ne. Preveč je uspavan, da bi se prebudil na ta način.; Iz teh ne. Preveč je uspavan, da bi se prebudil na ta način.
Limbo? -Neizgrajen prostor sanj.; Limbo? -Nezgrajen prostor sanj.
Njega vprašaj, on je bil tam. -Odnesimo ga gor po stopnicah.; Njega vprašaj, on je bil tam. -Odnesimo ga gor.
Zdaj smo torej ujeti v Fischerjovem umu in se borimo z njegovo zasebno armado.; Sedaj smo torej ujeti v Fischerjovem umu in se borimo z njegovo zasebno vojsko.
in če smo ubiti, bomo izgubljeni v limbu, dokler se nam možgani ne spremene v umešana jajčka, a?; in če smo ubiti, bomo izgubljeni v limbu, dokler se nam možgani ne spremene v umešana jajca, ne?
A potlej si vedel za to tveganje, pa nam nisi povedal?; Vedel si za tveganje, pa nam nisi povedal?
Tveganje ni bilo mišljeno, saj nisem vedel, da bomo imeli opraviti s streljanjem.; Tveganje ni bilo mišljeno, saj nisem vedel, da bomo imeli opravka s streljanjem.
Privedel si nas na vojno območje brez poti povratka.; Privedel si nas na vojno območje brez povratka.
Obstaja izhod. Nadaljevali bomo s poslom in ga opravili kar se le da hitro in izstopili bomo z rabo trzaja. Tako kot poprej.; Obstaja izhod. Nadaljevali bomo s poslom in ga opravili kar se le da hitro in izstopili bomo z rabo trzaja. Tako kot prej.
Zamišljal sem si, da bom imel na razpolago vso noč.; Zamislil sem si, da bom imel na razpolago vso noč.
 Po mamini smrti; a veš kaj mi je rekel?"; Po mamini smrti, veš kaj mi je rekel?
Tako dolgo boste zgubljen tam spodaj, da boste postal starec.; Tako dolgo boste izgubljen tam spodaj, da boste postal starec.
vrnil se bom ...; Vrnil se bom pote.
Alternativna. Ta bo, če boš želel, izpodbila drugo.; To je druga možnost. Ta bo, če boš želel, izpodbila drugo.
Izničila moje celostno nasledstvo.; Izničila moje celotno nasledstvo.
me je poklical k svoji smrti postelji.; Me je poklical k svoji smrtni postelji.
Morda si ostale člane ekipe prepričal, naj nadaljujemo posel, a ne poznajo resnice. -Resnice? Katere resnice?; Morda si ostale člane ekipe prepričal, naj nadaljujemo posel, a resnice ne poznajo. -Resnice? Katere resnice?
In resnice, da čedalje globlje prodiramo v Fisherja, gremo tudi globlje vate.; In resnice, da čedalje globlje prodiramo v Fisherja, gremo tudi globlje v tebe.
Mislila je, da sta projekcija. Da naju pristni čakajo nekje tam spodaj.; Mislila je, da sta predstavitev. Da naju pristni čakajo nekje tam spodaj.
Ne ne bom. Tak poslušaj me.; Ne ne bom. Poslušaj me.
Zakaj si ... zakaj ... Čemu si mi to zakuhala?; Zakaj si... Čemu si mi to zakuhala?
Pa saj ni važno. -Mal, hudič prekleti!; Saj ni važno. -Mal, hudič prekleti!
Tako mi je onemogoče pojasniti naravo njene norosti.; Tako mi je onemogočila, da bi pojasnil naravo njene norosti.
Otrokoma sem obrnil hrbet in od takrat se stalno trudim pridobiti pot nazaj.; Otrokoma sem obrnil hrbet in od takrat, se vedno trudim pridobiti pot nazaj.
Tvoja krivda jo definira. Daje ji moč.; Tvoja krivda jo označuje. Daje ji moč.
A to ti ni treba storiti samemu. -Ne, ne, ne boš ... -To delam za ostale.; A to ti ni treba storiti sam. -Ne, ne, ne boš... -To delam za ostale.
Zato ker nimajo pojma koliko tvegajo, ko so prišli s tabo sem dol.; Zato, ker nimajo pojma koliko tvegajo, ko so prišli s tabo sem dol.
Projekcije se nam hitro bližajo.; Predstavitve se nam hitro bližajo.
Prekleto. -Ne smeš se bati sanjati nečesa večjega, dragec.; Prekleto. -Ne smeš se bati sanjati nečesa večjega, dragi.
Moramo premestiti njegovo mržnjo z njegovega očeta na njegovega botra.; Premestiti moramo njegovo sovraštvo z njegovega očeta na njegovega botra.
Razmišlja, da bi se poslužili gospoda Charlesa. -Nikakor.; Razmišlja, da bi se držali gospoda Charlesa. -Nikakor.
Subjekt je uvidel da sanja in njegova podzavest nas je scefrala na koščke.; Predmet je uvidel, da sanja in njegova podzavest nas je uničila na koščke.
Vi pa ste? -Na odhajanju.; Vi pa ste? -Odhajam.
Lik, dizajnirana za obračanje Fischerjevega um proti lastni podzavesti.; Lik, oblikovanja za obračanje Fischerjevega uma proti lastni podzavesti.
In zakaj tega ne odobravaš? -Ker razkriva znake, da sanja.; In zakaj tega ne dovoliš? -Ker razkriva znake, da sanja.
No, zdaj si opazila, koliko časa Cobb potroši za stvari, ki nam ji prepoveduje.; No, sedaj si opazila, koliko časa Cobb potroši za stvari, ki nam ji prepoveduje.
Bi raje, da se spremeni nazaj, a? -Hudo smešno, gospod Eames.; Bi raje, da se spremeni nazaj, a? -Zelo smešno, gospod Eames.
Se oproščam, kdo ste rekel da ste? -Rod Green iz marketinga.; Se opravičujem, kdo ste rekel da ste? -Rod Green iz marketinga.
Som vodja vašega varovanja tod spodaj.; Som vodja vašega varovanja tukaj.
Izstopi na kakem drugem nadstropju in se ne ustavljaj. Znebi se denarnice.; Izstopi na kakšnem drugem nadstropju in se ne ustavljaj. Znebi se denarnice.
Gospod Fisher prišel sem vas zaščitit, ker nekdo skuša dostopiti vašemu umu skozi vaše sanje. Tukaj niste varen.; Gospod Fisher prišel sem vas zaščititi, ker nekdo skuša dostopiti do vašega uma skozi vaše sanje. Tukaj niste varen.
Še vedno naju gledajo. -Ja, a se je splačalo poskusiti.; Še vedno naju gledajo. -Ja, ampak izplačalo se je poizkusiti.
Morala bi proč od tod.; Ne bi smela biti tu.
Sprejmite dejstvo, da ste v sanjah in jaz sem tukaj, da vas zaščitim. Dajte.; Sprejmite dejstvo, da ste v sanjah in jaz sem tukaj, da vas zaščitim. Poskusite.
Sem projekcija vaše podzavesti.; Sem predstavitev vaše podzavesti.
Bil sem poslan sem zaščitit vas, ko vas izvlačitelji skušajo povleči v sen.; Bil sem poslan, da vas zaščitim, ko vas izvlačitelji skušajo povleči v sanje.
Zaboga, kaj počnete? -Ti možje so bili poslani, da vas ugrabijo, ja?; Zaboga, kaj počnete? -Ti možje so bili poslani, da vas ugrabijo, kajne?
Če hočete mojo pomoč, morate ostati miren.; Če hočete mojo pomoč, morate ostati mirni.
se moram somu ubiti, da se prebudim, ni res?; Se moram ubiti, da se prebudim, ni res?
Utegnete potonete v globlje stanje sna. No, pa saj veste o čem govorim.; Potonete lahko v globlje stanje sanj. No, pa saj veste o čem govorim.
Potrebna so leta vežbanja.; Potrebna so leta urjenja.
Skušajte se jo spomniti zame. Izjemnega pomena je.; Skušajte se jo spomniti zame. Zelo pomembno je.
Peto nadstropje. -Štima.; Peto nadstropje. -V redu.
Uporabljaš odštevalnik? -Ne, sam moram preceniti.; Uporabljaš odštevalnik? -Ne, sam moram presoditi.
In ko bo kombi trčil v branik na mostu, bo to več kot očitno.; In ko bo kombi trčil v pregrado na mostu, bo to več kot očitno.
Prepričan sem, da možakar dobro zgleda.; Prepričan sem, da možakar dobro izgleda.
In videl ste mučenje?; In videl si mučenje?
Poskušaš odpreti tisti sef? Dobiti alternativno oporoko?; Poskušaš odpreti tisti sef? Dobiti drugo oporoko?
Ta njegova poslednja žalitev.; Njegova poslednja žalitev.
Kaj, da je bil razočaran, a?; Kaj, da je bil razočaran?
Zgradiš lahko boljšo firmo, kot jo je kdajkoli on. -G. Fidcher?; Zgradiš lahko boljše podjetje, kot jo je on. -G. Fischer?
Verjemite mi, s tem se bavim. Nekaj skriva in ugotoviti moramo kaj to je.; Verjemite mi, s tem se ukvarjam. Nekaj skriva in ugotoviti moramo kaj to je.
Hočem, da isto, kar je nameraval storil vam, vi storite njemu.; Hočem, da tisto, kar je nameraval storil vam, vi storite njemu.
Moment, v čigavo podzavest pravzaprav gremo?; Trenutek, v čigavo podzavest pravzaprav gremo?
Le se vrnite se pred trzajem. Pojdi spančkat, gospod Eames.; Le se vrnite se pred trzajem. Pojdi spat, gospod Eames.
Če poznam pot, bi vse ogrozil.; Če poznam pot, lahko vse ogrozim.
Jaz sem dizajnirala. -Ne, ti greš z mano.; Jaz sem oblikovala. -Ne, ti greš z mano.
Prav, objasni jim pot v kompleks?; Prav, objasni jim pot v objekt.
Kaj pa ti? -Imej to prižgano. Nenehno vas bom poslušal.; Kaj pa ti? -To imej prižgano. Nenehno vas bom poslušal.
Oznani preplah! Alarm! -Gremo, gremo, ajde, dajmo!; Sproži alarm! Alarm! -Gremo, gremo, ajde, dajmo!
Podvizajmo se.; Vrni se.
Dizajnirano je kot labirint. -Mora biti prehod, kjer ga lahko presekamo, drži?; Načrtovano je kot labirint. -Mora biti prehod, kjer ga lahko presekamo, drži?
Kaj hudiča bomo pa zdaj?; Kaj hudiča bomo pa sedaj?
Arthur ima par minut, mi jih imamo okrog 20.; Arthur ima nekaj minut, mi jih imamo okrog 20.
So te projekcije del njegove podzavesti? -Da.; So te predstavitve del njegove podzavesti? -Da.
Mu uničuješ ta del uma? -Ne, ne. Samo projekcije so.; Mu uničuješ ta del uma? -Ne, ne. Samo predstavitve so.
Podstavimo eksploziv.; Nastavimo eksploziv.
Velja poizkusiti.; Izplača se poizkusiti.
Pojdita! Če vaju ne bo nazaj do trzaja, grem z ali brez vaju.; Pojdita! Če vaju ne bo nazaj do trzaja, grem z vama ali brez.
Moraš ... Moraš skrbeti za Fisherja, ko grem podstavljat eksploziv, prav?; Moraš... Moraš skrbeti za Fisherja, ko grem nastavit eksploziv, prav?
Vse to sta rekonstruirala iz svojih spominov?; Vse to sta ponovno zgradila iz svojih spominov?
Improviziral bom. Lej, nekaj moraš vedeti o meni.; Improviziral bom. Poglej, nekaj moraš vedeti o meni.
Te ne preganjajo anonimne korporacije in policija širom sveta?; Te ne preganjajo anonimne korporacije in policija iz vsega sveta?
Pa saj ni važno!; Saj ni važno!
Pojdi odpret sef. Ajde, pojdi, pojdi.; Pojdi odpret sef. Pojdi, pojdi.
Nekoga iz napol pomnjenih sanj.; Nekoga iz napol pozabljenih sanj?
Hoj, mulčka. -Očka, očka!; Hej, otročička. -Očka, očka!
Tamle! Poglej, kaj delam.; Tam! Poglej, kaj delam.
Več kot četrtina svetovnega prebivalstva je živela in umirala pod cesarjevo vladavino.; Več kot četrt svetovnega prebivalstva je živelo pod cesarjevo vladavino.
Pozimi leta 180 se je 12-letni boj cesarja Marka Avrelija proti barbarskim plemenom v Germaniji bližal h koncu.; Pozimi leta 180 se je boj cesarja Marka Avrelija proti barbarskim plemenom v Germaniji bližal koncu.
Le še ena trdnjava je stala na poti rimskega zmagoslavja in zagotovitvi miru po vsem cesarstvu.; Zgolj ena trdnjava stoji nasproti rimskemu zmagoslavju in zagotovitvi miru po vsem cesarstvu.
Vojak, ukazal sem ti, da premakni katapulte naprej. Zunaj dosega so.; Vojak, ukazal sem ti, da premakni katapulte naprej. Izven dosega so.
Nevarnost za konjenico... -Je sprejemljiva. Je res?; Nevarnost za konjenico ... -Je sprejemljiva. Se strinjaš?
Nočejo se predati.; Ne želijo se predati.
Morali bi vedeti, kdaj so premagani.; Ljudje bi morali vedeti, kdaj so premagani.
Pomislite, kje boste, in tako bo.; Predstavljajte si, kje boste vi, in to se bo uresničilo.
Ostanite v formaciji! Ostanite z mano!; Držite formacijo! Ostanite z menoj!
Če se boste znašli sami na konju na zelenih poljanah, in vam bo sonce božalo obraz, naj vas ne skrbi, saj boste v Eliziju in mrtvi!; Če se znajdete sami na konju in jezdite po zelenih poljih ter vam sonce boža obraz, naj vas ne skrbi, saj ste v Eliziju in že mrtvi!
Bratje... Kar storimo v življenju, odmeva v večnosti.; Kar storimo v življenju, odmeva za vekomaj.
Ostanite v formaciji!; Držite formacijo! Ostanite z menoj!
Ostanite v formaciji!; Držite formacijo! Ostanite z menoj!
Strel! -Napolnite!; Izstrelite! -Napolnite!
Ostanite ob meni!; Ostanite z menoj!
Ostanite ob meni!; Ostanite z menoj!
Po dveh tednih kovanja načrtov me že boli glava.; Po dveh tednih tvojega stalnega kovanja načrtov me že boli glava.
Jaz pa se bom najprej okopala.; Jaz pa se bom skopala.
Vaše veličanstvo?; Vaše visočanstvo?
Skoraj smo že tam, gospod.; Skoraj smo tam, gospod.
Veličanstvo. -Kje je cesar?; Visočanstvo. -Kje je cesar?
Na fronti, veličanstvo. Že devetnajst dni jih ni.; Na fronti, visočanstvo. Že 19 dni jih ni.
Znova si dokazal svoje junaštvo, Maksim.; Znova si dokazal svojo hrabrost, Maksim.
Nikogar ni več, s komer bi se bojevali, veličanstvo. -Vedno je kdo.; Upajva, da poslednjič. -Ni ga več, s komer bi se bojevali, visočanstvo.
Častijo vas, cesar. -Tebe, Maksim.; Izkazujejo vam čast, cesar. -Tebi jo, Maksim.
Sem zamudil bitko?; Sem jo zamudil? Sem zamudil bitko?
Rim vas pozdravlja, jaz pa vas objemam kot brata.; Rim vas pozdravlja in jaz vas objemam kot brata.
Predolgo je trajalo, prijatelj. -Veličanstvo. -Oče, opri se name.; Predolgo je trajalo, prijatelj. -Visočanstvo. -Oče, oprimi se me.
Čas je, da odidem.; Čas je, da grem.
Veličastna bitka.; Krasna bitka.
Kmet Maksim. Še vedno si težko predstavljam.; Kmet Maksim. Še vedno si stežka predstavljam.
Zemljo laže spereš z rok, kot kri, Kvint.; Veš, zemlja se laže spere z rok kot kri, Kvint.
Pazi se Gaja. V uho vam bo zlil meden napoj, vi pa boste vpili: Republika! Republika!; Pazi se Gaja. V uho ti bo zlil meden napoj in ko se boš nekega dne zbudil, boš govoril le: Republika! Republika!
Zakaj ne? Rim smo osnovali kot republiko.; Zakaj ne? Rim je bil navsezadnje ustanovljen kot republika.
Vojak ima to prednost, da lahko gleda sovražniku v oči, senator.; Vojak ima to prednost, da lahko pogleda sovražnika v oči, senator.
Potreboval bom dobre može, kot si ti.; Potreboval bom dobre može, kakršen si ti.
Kako vam lahko ustrežem, veličanstvo?; Kako vam lahko ustrežem, visočanstvo?
Ste mož, ki ve, kako poveljevati.; Si mož, ki ve, kako poveljevati.
Ukažete, ubogajo vas, in bitka je dobljena.; Ukažeš, ubogajo te, in bitka je dobljena.
Senatorji pa so pretkani, priliznjeni in goljufivi.; Ampak ti senatorji so pretkani, priliznjeni in goljufivi.
Rim morava ubraniti pred politiki, Maksim.; Rim moramo ubraniti pred politiki, Maksim.
Lahko računam na vas, ko bo prišel čas?; Lahko računam nate, ko bo napočil čas?
Lucila je tukaj. Ste vedeli? Ni vas pozabila.; Lucila je tukaj. Si vedel? Ni te pozabila.
In zdaj ste ugleden človek.; In zdaj si ugleden človek.
Ko bi se rodila kot moški, bi postala izjemen cesar.; Ko bi se le rodila kot moški, bi postala izjemen cesar.
Bila bi silna. Pa bi bila tudi pravična?; Bila bi močna. Bi bila tudi pravična?
Bila bi takšna, kakršno si me vzgojil.; Bila bi taka, za kakršno si me vzgojil.
Pretvarjajva se, da si ljubeča hči, jaz pa sem dober oče.; Dovolj politike. Pretvarjajva se, da si ljubeča hči, jaz pa dober oče.
Ja, spominjam se.; Ja, spomnim se.
25 let že širim cesarstvo, podjarmljam, prelivam kri.; Četrt stoletja že širim cesarstvo s podjarmljenjem, prelivanjem krvi.
Odkar sem cesar, so minila le štiri leta brez vojne.; Odkar sem cesar, le štiri leta ni pustošila vojna.
Štiri leta od dvajsetih. Čemu?; Štiri leta miru od dvajsetih. In čemu?
Prinesel sem meč. Nič več.; Prinesel sem vojne. Nič več.
Pogovoriva se. Preprosto, kot moška.; Pogovoriva se čisto preprosto, kot moža.
Kaj bi rad verjel? -Da so se borili za vas in za Rim.; Kaj pa bi rad verjel? -Da so se borili zate in za Rim.
Moja hiša stoji na hribih nad Trujillom. Preprosta.; Moja hiša leži na hribih nad Trujillom. Preprosta je.
Zelenjavnik, ki podnevi dehti po zeliščih, zvečer pa po jasminu.; Zelenjavnik, ki podnevi dehti po zeliščih, zvečer po jasminu.
Pred vrati je velikanski topol. Fige, jabolka, hruške.; Pred vrati je ogromen topol. Smokve, jabolka, hruške.
Pooblastil te bom, da Rimljanom povrneš moč in končaš pokvarjenost, ki jo je oslabila.; Pooblastil te bom, da Rimljanom vrneš moč in končaš pokvarjenost, ki jo je oslabila.
Toda tebe politika še ni pokvarila.; Ampak tebe politika še ni pokvarila.
Kaj pa Komod? -Nemoralen je.; Kaj pa Komod? -Komod ni moralen.
Komod bo sprejel mojo odločitev.; Komod se bo sprijaznil z mojo odločitvijo.
Ve, da imaš za sabo predano vojsko.; Ve, da imaš za sabo vdano vojsko.
Potrebujem nekaj časa za razmislek, veličanstvo. -Ja.; Potrebujem nekaj časa za premislek, visočanstvo. -Da.
Lažeš. Vsakič sem te spregledala, ker ti laganje ne gre dobro.; Vsakič sem te lahko prebrala, ker ti laganje pač ne gre od rok.
Boli te, ko vidiš, kako šibek je oče.; Boli te, ko vidiš, kako šibek je moj oče.
Komod pričakuje, da ga bo imenoval za naslednika.; Komod pričakuje, da ga bo v naslednjih dneh imenoval za naslednika.
Hvala ti za molitve.; Hvaležen sem ti za molitve.
Blagoslovljeni oče, bdi nad ženo in sinom s pripravljenim mečem.; Blagoslovljeni oče, bdi nad mojo ženo in sinom s pripravljenim mečem.
Zašepetaj jima, da živim le zato, da bi ju še kdaj prižel k sebi.; Zašepetaj jima, da živim le za to, da bi ju še kdaj prižel k sebi.
Kaže, da le ne bova mogla kmalu domov.; Kaže, da vendarle še ne bova mogla iti domov.
Rim bo spet republika.; Rim bo bil znova republika.
Vedel sem, da nimam nobene.; Vedel sem, da ne posedujem nobene.
Imam pa druge vrline, oče. Častihlepnost, na primer.; Imam pa zato druge vrline, oče. Častihlepnost, na primer.
Tudi to je lahko vrlina, če nas žene k odličnosti.; To je tudi lahko vrlina, če nas žene do odličnosti.
Morda ne na bojišču, toda poguma je več vrst.; Morda sicer ne na bojnem polju, a obstaja več vrst poguma.
Toda nobene od mojih vrlin ni bilo na seznamu.; Ampak nobene mojih vrlin ni bilo na seznamu.
Kaj na meni tako silno sovražiš? -Komod.; Kaj pri meni tako silno sovražiš? -Komod.
Želel sem si le, da bi ti dorasel, cesar.; Želel sem si le, da bi ti bil dorasel, cesar.
Tvoje napake kot mojega sina je moj očetovski neuspeh.; Tvoje napake kot moj sin so moj očetovski neuspeh.
Ves svet bi pobil, samo da bi me ljubil.; Cel svet bi poklal, če bi me le ljubil!
Žaluj z mano, brat. Najin veliki oče je mrtev.; Žaluj z menoj, brat. Najin veliki oče je mrtev.
Samo enkrat ti jo bom ponudil.; Le enkrat ti jo ponudim.
V mrazu se rezilo včasih zatakne.; Zaradi mraza se včasih rezilo zatakne.
Spet ju boš srečal.; Spet se bova videla.
Vsak dan, ko si tukaj, je odličen, danes pa je tvoj najsrečnejši dan.; Vsak dan, ko si tukaj, je odličen, danes pa je tvoj najbolj srečen dan.
Samo jedo, parijo se pa ne.; Samo jedo, parijo pa se ne.
Prodal si mi jalove žirafe.; Prodal si mi slabe žirafe.
Vrni mi denar. -Nikakor.; Vrni mi denar. -Niti slučajno.
Ponudil ti bom posebno ceno. -Za kaj?; Dal ti bom posebno ceno. -Za kaj?
Si videl moje novo blago? Pridi si jih ogledat.; Si videl moje novo blago? Pridi jih pogledat.
Se kdo od njih bori? Čaka me tekma.; Se kdo od njih bori? Kmalu imam tekmo.
Toliko bolje. Počakaj! Lahko barantam.; Toliko bolje. Čakaj! Lahko barantam.
Dajmo! Koliko bo trajalo, da bom prišel v lastno hišo?; Dajmo! Koliko traja, da pridem v lastno hišo?
To pravijo vsi, dokler niso tam.; Vsi to pravijo, dokler niso tam zunaj.
Ne nazadnje smo vsi mrtvi.; Konec koncev smo vsi mrtvi možje.
Žal ne moremo odločati o tem, kako bomo umrli, lahko pa odločamo o tem, da nas bodo pomnili kot može.; Žal ne moremo odločiti, kako umremo, lahko pa odločimo, da bomo tako, da nas bodo pomnili kot može.
Dajte jih v pare. Rdeče z rumenimi!; Postavite jih v pare: rdeče z rumenimi!
Steci k materi, Lucij. To bi ji bilo všeč.; Pojdi k materi, Lucij. To bi ji bilo všeč.
Rim pozdravlja novega cesarja.; Rim bo bil znova republika.
Pri tem pa je pozabil na ljudi.; Medtem pa je pozabil na ljudi.
Potem bi nas cesar lahko podučil, na podlagi bogatih izkušenj.; Potem bi nas lahko cesar podučil, glede na njegove bogate izkušnje.
Kdo pa so, da mi pridigajo? -Komod, senat ima svoje prednosti.; Kdo so oni, da predavajo meni? -Komod, senat ima svoje koristi.
Kakšne prednosti? Samo blebetajo, nič drugega.; Kakšne koristi? Samo blebetajo, nič drugega.
Morala bi biti samo midva in Rim.; Samo midva in Rim bi morala biti.
Ne vidiš, Lucila?; Kaj ne vidiš, Lucila?
Kmalu bodo pozabili suhoparno pridiganje dolgočasnih starcev.; In kmalu bodo pozabili suhoparno pridiganje dolgočasnih starcev.
Daj jim čarovnijo, in zamotil jih boš.; Pričaraj jim čarovnijo, in zamotil jih boš.
Niste zato tukaj?; Kaj niste zato tukaj?
Kaj hočeš?; Kaj želiš?
To me zabava, kajti modri, vsevedni Mark Avrelij je bil tisti, ki nas je pregnal.; Ob tem se zabavam, kajti modri, vsevedni Mark Avrelij je bil tisti, ki nas je pregnal.
50 000 Rimljanov budno spremlja vsak premik tvojega meča in zahteva, da nasprotniku zadaš smrtni udarec.; 50.000 Rimljanov budno spremlja vsak gib tvojega meča in zahteva, da nasprotniku zadaš smrtni udarec.
Tišina pred udarcem in trušč po njem.; Tišina pred udarcem in hrup za njim.
Prijel me je za ramo, in bil sem svoboden.; Prijel me je za ramo, in svoboden sem bil.
Vprašal si me, kaj hočem.; Vprašal si me, kaj želim.
Tako kot ti, si tudi jaz želim stati pred cesarjem.; Tako kot ti tudi jaz želim stati pred cesarjem.
Najboljši sem bil zato, ker me je množica oboževala.; Najboljši sem bil, ker so me ljudje oboževali.
Pridobi jo na svojo stran in svoboden boš.; Pridobi ljudi na svojo stran, in postal boš svoboden.
Pridobil si bom množico na svojo stran.; Pridobil bom ljudi na svojo stran.
Dal ji bom nekaj, česar še ni videla.; Dal jim bom nekaj, česar še niso videli.
Hčere nosijo vodo iz reke.; Moje hčere nosijo vodo iz reke.
Moja žena in sin me že čakata.; Kajti moja žena in sin me že čakata.
Spet ju boš srečal. Vendar še ne.; Še ju boš videl. Ampak ne še.
Gremo, ven!; Ven. Gremo, ven!
Lepo te je spet videti, prijatelj stari.; Lepo, da se spet vidiva, prijatelj stari.
Nisem vedel, da ljudje znajo zgraditi kaj takega.; Nisem vedel, da ljudje znajo graditi take stavbe.
Trdno spi, ker je ljubljen.; Tako trdno spi, ker je ljubljen.
Pridi, brat. Pozno je že.; Pridi, brat. Pozno je.
Zaradi mene bo Rim postal čudo vseh časov.; Rim bo zaradi mene postal čudo veka.
Grah in njegovi prijatelji tega ne razumejo.; Tega Grakh in njegovi prijatelji ne razumejo.
Zaradi vseh teh želja imam hud glavobol.; Zaradi vseh želja imam tako hud glavobol.
Mislim, da moraš zdaj počivati.; Mislim, da se zdaj moraš spočiti.
Še. Vedno.; Še. Vselej.
Boš nocoj ob meni? -Veš, da ne bom.; Ostani z menoj nocoj. -Veš, da ne bom.
Potem me pa poljubi.; Potem pa me poljubi.
Umaknite se!; Ustavite se!
Ljudje hočejo bitke, zato jim jih cesar tudi da.; Ljudje želijo bitke, zato jim jih cesar ponudi.
Ti boš dobil bitko v Kartagini. -Pokol v Kartagini.; Ti dobiš bitko v Kartagini. -Pokol v Kartagini.
Zakaj ne greš v zapor in zbereš berače in lopove? -Smo jih že.; Zakaj ne greš v zapor in zbereš vse berače in lopove? -Smo že.
Če hočeš najboljše gladiatorje v cesarstvu, hočem dvojno ceno.; Če želiš najboljše gladiatorje tega cesarstva, hočem dvojno ceno.
Dobil boš ceno po pogodbi, ali pa jo bomo razdrli.; Dobil boš ceno po pogodbi, ali pa jo razdremo. Ti ni všeč?
Gladiator, si ti ta, ki mu pravijo Španec? -Sem.; Gladiator, si ti tisti, ki ga kličejo Španec? -Sem.
Rekli so, da si velikan.; Rekli so, da si velikan. Da lahko zdrobiš moško lobanjo z eno roko.
Imate v Španiji dobre konje? -Ene najboljših.; Imajo v Španiji dobre konje? -Ene najboljših.
Ko bo prišel cesar, dvignite orožje, ga pozdravite in govorite v en glas.; Ko se pojavi cesar, dvignite orožje, ga pozdravite in skupno govorite.
Bodite obrnjeni k cesarju in mu ne obračajte hrbta!; Bodite obrnjeni k cesarju in ne obračajte mu hrbta!
Pojdite in umrite častno.; Pojdite in častno umrite.
Je kdo od vas bil v vojski? -Ja. S tabo sem služil pri Vindoboni.; Je že kdo bil v vojski? -Ja. S teboj sem služil pri Vindoboni.
Če bomo ostali skupaj, bomo preživeli.; Če ostanemo skupaj, preživimo.
Cesar vam predstavlja legionarje Scipiona starejšega!; Cesar vam z zadovoljstvom predstavlja legionarje Scipiona starejšega!
Ta kolona k bojnemu vozu! Ta ostane z mano!; Ta kolona k bojnemu vozu! Ta kolona ostane z menoj!
V zgodovini nisem ravno dober, Kasij, toda a ne bi morali barbari izgubiti bitko pri Kartagini?; Zgodovina ni ravno moja močna točka, Kasij, ampak kaj ne bi morali barbari izgubiti bitko pri Kartagini?
Rad bi ga spoznal. -Prav, veličanstvo.; Rad bi ga spoznal. -Prav, visočanstvo.
Odvrzite orožje.; Spustite orožje.
Tale mladenič pa vztraja, da si novi Hektor. Ali Herkul?; Tale mladenič pa vztraja, da si novi Hektor. Ali je bil Herkul?
Zakaj se junak ne razkrije in nam zaupa pravega imena?; Zakaj se junak ne razkrije in nam pove svoje pravo ime?
Imaš ime? -Ime mi je Gladiator.; Najbrž imaš ime. -Ime mi je Gladiator.
Maščeval se bom za to, v tem ali prihodnjem življenju.; In maščeval se bom za to, naj bo v tem ali naslednjem življenju.
Ničesar nisem občutila.; Nič nisem občutila.
Rekli so mi, da je mrtev.; Zatrjevali so mi, da je mrtev.
Bogate gospe plačajo precej, da pridejo k največjim borcem.; Bogate gospe precej plačajo, da pridejo k največjim borcem.
Vedel sem, da bo tvoj brat poslal morilce.; Vedel sem, da bo tvoj brat poslal morilce. Ne pa, da najboljše.
Ničesar nisem vedela... -Ne laži mi!; Nič nisem vedela ... -Ne laži mi!
Nenehno sem v strahu, ker je tvoj sin prestolonaslednik.; Nenehno me je groza, ker je moj sin prestolonaslednik.
Saj je vseeno, če ti zaupam, ali ne.; Saj je vseeno, če ti zaupam ali ne.
Bogovi so ti prizanesli. Res ne razumeš?; Bogovi so ti prizanesli. Ali res ne razumeš?
Danes sem videla sužnja, ki je imel večjo moč kot cesar.; Danes sem videla, da je imel suženj večjo moč kot cesar.
Pa naj on ubije Komoda!; Potem pa naj on ubije Komoda!
Nekoč sem poznala moškega... Plemenitega in načelnega.; Nekoč sem poznala moža ... Plemenitega moža.
Ni ga več. Tvoj brat je dobro opravil svoje delo.; Tistega moža ni več. Tvoj brat je dobro opravil svoje delo.
Pozabi, da si me poznala in se ne vrni nikoli več.; Pozabi, da si me kdaj poznala in se nikdar več ne vrni.
Stražar! Gospa je opravila.; Stražar! Gospa je opravila svoje.
Redko te vidim, da uživaš v zabavi za množice.; Redko te vidim, da uživaš v zabavi za ljudske množice.
Ne pretvarjam se, da sodim mednje, se pa trudim, da bi delal v njihovo korist.; Ne pretvarjam se, da spadam mednje, se pa trudim, da bi delal v njihovo korist.
Tako sem uredil.; Tako smo uredili.
Maksim! Maksim Sočutni!; Maksim Sočutni!
Sva si res tako različna?; Sva si midva res tako različna?
Jemlješ življenja, ko moraš, tako kot jaz.; Jemlješ življenja, ko moraš, prav tako jaz.
Le še eno moram vzeti. Potem bom končal.; Le še enega moram vzeti. Potem bom končal.
Menda je tvoj sin cvilil kot punčara, ko so ga pribijali na križ.; Menda je tvoj sin cvilil kot dekle, ko so ga pribili na križ.
In da je tvoja žena stokala kot vlačuga, ko so se zabijali vanjo. Znova, znova in znova.; In tvoja žena je stokala kot vlačuga, ko so udrihali po njej znova in znova in znova.
Kje taborite? -V Ostiji.; Kje si utaborjen? -V Ostiji.
Govorim mu, da se bova kmalu spet videla in da naj med ježo privzdiguje pete.; Govorim mu, da se bova kmalu spet videla in naj drži pete dol, ko jezdi konja.
To pa se te ne tiče.; To pa ni tvoja stvar.
Vse je ena velika mora.; Vse je kot ena velika nočna mora.
Kljubuje ti. Vsaka njegova zmaga je kljubovanje.; Kljubuje ti. Vsaka njegova zmaga pomeni kljubovanje.
Drhal to vidi, pa tudi senat.; Drhal vidi to, pa tudi senat.
Vsak dan, ko je živ, so bolj drzni.; Vsak dan ko je živ, so bolj drzni.
Danes sem jim v senatu odločno povedal, da bom za plačilo stroška iger prodal žitne zaloge.; Danes sem jim v senatu odločno povedal, da bom za plačilo stroška iger prodal žitne rezerve.
Povedali so mi za neko morsko kačo, ki na zelo neobičajen način privabi plen.; Povedali so mi za neko morsko kačo, ki ima zelo neobičajen način, kako privabi plen.
Leži na dnu morja, kot bi bila ranjena.; Leži na dnu oceana, kakor da je ranjena.
Njeni sovražniki se ji približajo, a se še vedno ne premakne.; Njeni sovražniki se ji približajo, pa vendar se ne premakne.
Nato jo sovražniki začnejo grizljati, toda še vedno se ne premakne.; Nato jo začnejo sovražniki po malem grizljati, pa vendar se še vedno ne premakne.
Poglejte. Če niste bili v areni, si lahko predstavo ogledate tu.; Poglejte. Če niste bili v areni, lahko vidite predstavo tukaj.
Za tvojo vdanost, vojak. -Hvala, gospa.; Za tvojo vdanost, vojščak. -Hvala, gospa.
Je Senat z vami? -Senat?; Senat drži z vami? -Senat?
Ja. Lahko govorim v njegovem imenu.; Ja. Lahko govorim zanj.
Torej, Rim bo vaš, vi pa ga boste vrnili ljudem? Zakaj?; Ves Rim bo vaš, pa ga boste vrnili ljudem? Zakaj?
Usodo Rima pa prepustil vam.; Usodo Rima pa bom prepustil vam.
Tudi jaz vam bom zaupal. Toda časa je malo.; Jaz vam bom zaupal. Toda malo časa imamo.
Kar se tiče mene... Postaja nevarno.; Kar pa se tiče mene ... Postaja nevarno.
Ko se bom vrnil te bom bogato poplačal.; Ko se vrnem, te bogato poplačam.
Dajem ti besedo. -Besedo? In če se ne vrneš?; Dajem ti besedo. -Besedo? Kaj, če se ne vrneš?
Prosim te, brat.; Prosim, brat.
Se spomniš, kaj je nekoč rekel oče?; Se spomniš, kaj je nekoč dejal najin oče?
Jaz mislim, da je.; Jaz mislim, da drži.
In to lahko delim le s tabo.; In to lahko delim le s teboj.
Proksim bo prišel opolnoči in te odpeljal k vratom.; Proksim bo prišel ob polnoči in te peljal k vratom.
Za marsikaj se moram odkupiti.; Za veliko se moram odkupiti.
Brat sovraži ves svet tebe pa najbolj.; Moj brat sovraži ves svet, tebe pa najbolj.
Vse življenje sem se počutila osamljeno, razen s tabo.; Vse življenje sem se počutila osamljeno, razen s teboj ne.
Kdo je to rekel?; In kdo je rekel to?
Gotovo ni. -Je. Vzela jo je iz košare in si jo pritisnila na prsi, točno nad srce.; Gotovo ni. -Je. Vzela jo je iz košare in jo pritisnila na svoje prsi, točno nad srce.
Če boš zelo priden, ti bom jutri zvečer pripovedoval o cesarju Klavdiju.; Če boš zelo priden, ti jutri zvečer povem o cesarju Klavdiju.
Gledala boš, kako se bom okopal v njihovi krvi.; Gledala boš, ko se bom kopal v njihovi krvi.
Čebelica ga je prizadela bolj, kot bi ga lahko kdor koli drug.; Čebelica ga je prizadela bolj, kot bi ga kdor koli lahko.
Odpri, v cesarjevem imenu!; Odpri, v imenu cesarja!
Proksim, v nevarnosti si, da postaneš dober človek?; Proksim, si v nevarnosti, da boš postal dober mož?
Če se nočete vpletati, se vrnite v svoje celice.; Če se ne želite vplesti, se vrnite v svoje celice.
Tu bomo počakali nate, Maksim. -Moč in čast. -Pojdimo.; Tukaj te bomo počakali, Maksim. -Moč in čast. -Pojdimo.
Komod Usmiljeni.; Komod Sočutni.
Lucij bo ostal z mano.; Lucij bo zdaj ostal z menoj.
In če me bo njegova mati samo narobe pogledala, bo umrl.; In če me njegova mati zgolj pogleda na način, ki mi ni po godu, bo umrl.
Glede tebe pa...; Kar pa se tiče tebe ...
Mar nisem usmiljen?; Ali nisem sočuten?
Gladiatorja, ki se je uprl cesarju.; Gladiator, ki se je zoperstavil cesarju.
Dovolj bo le sijajna smrt.; Pritiče ji le sijajna smrt.
In kaj bi lahko bilo sijajnejšega kot izzvati samega cesarja v veliki areni?; In kaj bi lahko bilo bolj sijajnega kot izzvati samega cesarja v veliki areni?
Bi se boril proti meni? -Zakaj pa ne? Misliš, da se bojim?; Bi se boril z menoj? -Zakaj pa ne? Misliš, da se bojim?
Nadeni mu oklep. Pokrij rano.; Pritrdi mu oklep. Zakrij rano.
Senator Grah naj spet zasede položaj.; Senator Grakh bo spet prišel na položaj.
Nekoč smo to že verjeli.; Nekoč smo že verjeli tako.
Bil je rimski vojak.; Bil je rimski vojščak.
Izkažite mu čast. -Kdo mi ga bo pomagal nesti?; Počastite ga. -Kdo mi ga bo pomagal nesti?
Spet se bova srečala.; Spet se bova videla.
Toda ne še.; Ne še.
Saj je samo voda. Veliko vode.; Saj je samo voda.
Z glavo v školjki res ne narediš dobrega vtisa.; Ni ravno najboljši način za spoznavanje, kadar sem z glavo napol v stranišču.
Kaj, hudiča, kadite vi v Portlandu?; Kaj za vraga kadite vi fantje iz Portlanda?
Vladni uslužbenci te oberejo do kosti.; Vladni uslužbenci, še slepega okradejo.
Za nore zločince.; Za nore kriminalce.
Ja. Druga stran otoka je skalnata vse do vode.; Drugi stran otoka je skalnata obala, ki se strmo spušča proti morski gladini.
Izpluli bomo takoj, ko bosta na obali.; Izpluli bomo takoj, ko se vidva izkrcata.
Nisem še videl šerifovske značke.;" Še nikdar nisem videl značke ""Zvezni policije""."
Vaši fantje se zdijo nekoliko napeti, g. McPherson.; Vaši fantje delujejo nekoliko napeti, g. McPherson.
Oddelek B je ženski oddelek, to je stavba na vajini levi.; Oddelek B, ženski oddelek je na vaši levi strani.
Oddelek C je stavba na skalovju. Stara vojaška utrdba.; Oddelek C je tista zgradba na pečini. Stara utrdba iz državljanske vojne.
Brez soglasja ter prisotnosti dr. Cawleyja in mene tja ne smeta.; Bojim se, da vaju bo moral z vsem seznaniti dr. Cawley.
Vedete se, kot da je norost nalezljiva.; Obnašate se, kot da je norost nalezljiva.
Predati morata svoje orožje.; Tukaj se od vas zahteva, da predata svoje orožje.
Gospoda, z orožjem ne bosta šla skozi ta vrata.; Gospoda, skozi ta vrata ne bosta prišla s svojima pištolama.
Kdaj je ta zapornica pobegnila?; Kdaj je torej pobegnila? Ta zapornica?
Zakaj bi obveščevalne službe hotele nasvet psihiatra?; Zakaj preiskovalne agencije potrebujejo strokovno svetovanje psihiatra?
Mislim, da boste to morali vprašati njega.; To boste morali vprašati njega.
McPherson je dober človek. Verjame v naše delo.; McPherson je dober človek. Verjame v delo, ki ga opravljamo tukaj.
In kaj naj bi to bilo?; In kaj naj bi to pravzaprav bilo?
Moralna fuzija zakona in reda ter kliničnega zdravljenja.; Moralna združitev zakona in reda s klinično nego.
Te slike so precej točne.; Te slike so precej natančne.
In danes? -Zdravimo jih, poskušamo jih pozdraviti.; Kaj pa zdaj? -Zdravimo jih.
Vsi tu so nasilni prestopniki, kajne?; To so vsi nasilni prestopniki, drži?
Doktor, potem bom pa rekel - klinc pa njihov mir.; Potem pa osebno doktor, bom rekel takole: Jebeš njihov občutek miru.
Zdravim paciente, ne njihove žrtve. Tu nisem, da bi sodil.; Moje delo je, da zdravim svoje paciente, ne njihovih žrtev. Nisem tu, da bi jim sodil.
Torej, ta zapornica ... -Pacientka.; Torej ta... ženska zapornica... -Pacientka.
Nato jih je nesla v hišo in jih posadila za mizo.; Potem jih je prinesla nazaj noter in jih posadila za kuhinjsko mizo.
Celo kosilo je pojedla, preden so mimo prišli sosedje.; Še pojedla je, preden jo je tako našel sosed.
Kaj pa mož? -Umrl je na obalah Normandije. Vojna vdova je.; Umrl je. Na obali Normandije. Ona je vojna vdova.
Oprostite, imate mogoče aspirin? -Ste nagnjeni k glavobolom, šerif?; Oprostite doktor. Imate mogoče tukaj kak aspirin?
Si dobro, šef? -Ja.; Ste v redu, šef? -Ja.
Rachel še vedno verjame, da so njeni otroci živi.; Rachel še vedno verjame, da so otroci živi.
Prav tako verjame, da je to njen dom v Berckshiresu.; Prav tako je prepričana, da je to tukaj njen dom v Berkshiru.
Šalite se. -V teh dveh letih si nikoli ni priznala, da je zaprta.; Niti enkrat v dveh letih ni priznala, da se nahaja v bolnišnici.
Verjame, da smo mi vsi dostavljavci, mlekarji, poštarji.; Misli, da smo vsi mi dostavljavci, mlekarji, poštarji.
Ste že preiskali območje?; Torej, ste že... ste že preiskali področje?
Upravnik je s svojimi možmi že preiskal otok. Niti sledu ni.; Upravnik je s svojimi možmi prečesal cel otok, niti sledu.
Bolj nas bega to, da ne vemo, kako je prišla iz svoje sobe.; Še bolj vznemirjajoče pa je, da ne vemo, kako je prišla iz svoje sobe.
Bila je zaklenjena z zunanje strani in edino okno ima rešetke.; Zaklenjena je bila z zunanje strani, edino okno pa ima rešetke.
Zdi se, kot bi izpuhtela skozi stene.; Kot da bi izparela naravnost skozi stene.
Pripeljal sem jo sem po skupinski terapiji in zaklenil.; Po skupinski terapiji sem jo pripeljal nazaj sem in jo zaklenil.
Ko sem se vrnil za polnočni obhod, je ni bilo več.; Ko sem se vrnil ob polnočnem obhodu je ni bilo več.
Resno, doktor, kako je mogoče, da resnica ne pride do nje?; Resnično doktor, kako je mogoče, da resnica nikdar ne pride do nje?
Dajte no, doktor, niti 10 metrov ne bi prehodila po tem terenu.; Dajte no doktor, niti deset metrov nebi mogla prehoditi po tem pobočju.
ZAKON ŠTIRIH. KDO JE ŠTEVILKA 67?; ZAKON ČETVERICE. KDO JE 67?
Ne, sploh ne. Rachel je pametna. Pravzaprav genialna.; Oh ne, sploh ne. Rachel je pametna. V bistvu briljantna.
Pravite, da je morala iti tu skozi.; In vi pravite, da je morala iti tukaj mimo.
Ko se ugasnejo luči, strežniki tu kartajo.; Ko se ugasnejo luči bolniško osebje tukaj karta.
Kako? Je postala nevidna?; Je postala nevidna?
Doktor, potrebovala bova dostop do kartotek medicinskega osebja.; Doktor, potrebovali bomo dostop do osebnih kartotek vsega medicinskega osebja.
Bolničark, paznikov, strežnikov. Vseh, ki so takrat delali.; Medicinskih sester, stražarjev, bolničarjev. Vseh, ki so bili takrat v službi.
Rečem lahko le, da bom videl, kaj lahko storim.; Vse kar lahko rečem je, da bom videl, kaj lahko naredim.
Doktor, govoriti bova morala z osebjem, razumete?; Doktor, govoriti bova morala z osebjem, ali razumete?
Do kopnega je dobrih 17 km in voda je ledeno mrzla.; 20 kilometrov je do najbližje obale, voda pa je ledeno mrzla.
Sinoči je bil tok močan in bila je plima.; Sinoči je bil močan zalivski tok. Vodna gladina se je dvigovala.
Če bi se utopila ali se razletela na skalah, bi truplo naplavilo.; Če bi se utopila ali če bi jo vrglo na skale, bi njeno telo naplavilo na obalo.
Ste preverili tiste jame tam spodaj?; Kaj pa tiste jame tam spodaj, ste jih pregledali?
Dobro! Preglejmo še drugo stran!; V redu! Gremo preveriti drugo stran!
Kaj je tisti stolp? -Star svetilnik.; Kaj je ta stolp? -To je star svetilnik.
Stražniki so ga že preiskali.; Stražarji so ga že pregledali.
Kaj je tam? Še več pacientov? -Sistem čiščenja odplak.; Kaj je tam noter? Še pacientov? -Kanalizacijska naprava.
Vi ste stražili na stopniščnem podestu, ni tako? -Ja.; Vi ste bili na straži na stopnišču, je tako? -Da.
Nihče ne bi mogel priti ali oditi iz sobe, ne da bi ga jaz videl.; Nihče ni mogel priti v ali zapustiti sobe skozi ta hodnik, ne da bi ga jaz videl.
Gospod, ničesar nisem videl. -Ste bili cel večer na svojem mestu?; Gospod, ničesar nisem videl. -In vso noč si bil na svojem mestu?
Ja, a videl nisem ničesar.; Da. Ampak ničesar nisem videl.
Mogoče sem šel na stranišče.; Mogoče... sem odšel v kopalnico.
Ali kdo tu ve, kaj je počela pred tem?; Ali kdorkoli od vas ve, kaj je delala pred tem?
Skrbelo jo je zaradi dežja.; Zaskrbljena je bila zaradi dežja.
Neprestano se je pritoževala, tudi sinoči.; Stalno se je pritoževala. Včeraj zvečer prav tako.
Torej ste bili poleg. Je bil prisoten tudi zdravnik?; Torej... vi ste bili tam. Je bil doktor prisoten?
Psihiater, ki direktno nadzira njeno zdravljenje.; Psihiater, ki je neposredno odgovoren zanjo.
Imate telefonsko številko, na kateri je dosegljiv?; Imate mogoče telefonsko številko, na kateri je dosegljiv?
Je kdo tam?; Je kdo na liniji?
Če vzpostavite linijo, me poiščite. Šerif mora opraviti pomemben klic.; Če jih usposobite, me takoj poišči. Marshalla morata opraviti pomemben klic.
Žal moram na večerni obhod po oddelkih, ampak zvečer si bom doma privoščil pijačo in cigaro.; Žal moram opraviti nočne obhode na oddelkih, ampak okrog devetih bodo pri meni pijača in cigare...
Saj se že pogovarjamo, šerif.; Saj smo se pogovarjali, Marshal.
Mislim, da sem izbral napačno državno službo.; Priznati moram, da razmišIjam, da sem zaposlen v napačni javni službi.
Tu je bival poveljnik. Ko je vlada dobila račun, so ga postavili pred vojno sodišče. -Mi je jasno, zakaj.; To so izvirni poveljnikovi prostori. Ko je Striček Sam prejel račun, so poveljniku sodili na vojnem sodišču. -Jasno mi je zakaj.
Ne uživate alkohola? Presenečen sem.; ne vdajate se alkoholu? Presenečen sem.
Ni tako, da ga ljudje vašega poklica radi zvrnejo?; Ali ni za Ijudi v vašem poklicu običajno, da pijejo?
Ravno prav. In v vašem?; Precej običajno. Pa v vašem?
Nisem opazil.; Nisem opazil tega.
Kaj imate v kozarcu? Ledeni čaj?; Kaj je to? Ledeni čaj v vašem kozarcu?
Nisem vas obtožil, da ste nasilen človek. To je drugače.; Nisem vas obtožil, da ste nasilni Ijudje. To je nekaj povsem drugega.
Prosim, prosim, podučite nas, doktor.; Prosim, prosim, poučite naju, doktor.
In kdo je vzgajal vas, šerif? -Mene?; In kdo je vzgajal vas, Marshal? -Mene?
Verjamete v Boga, šerif?; Ali verujete v Boga, Marshal?
Vendar nekoliko pretrdo izgovarjate soglasnike.; Soglasnike pa vseeno izgovarjate nekoliko pretrdo.
Je imigracija zločin, šerif? -Ne vem, doktor, vi nama povejte.; Je legalno priseljevanje zločin, Marshal? -Ne vem tega doktor, vi nama povejte.
Potrebovala bova kartoteko dr. Sheehana in ostalega osebja.; Poslušajte, potrebovala bova kartoteke dr. Sheehana in ostalega osebja.
Dobili ne boste nobenih kartotek osebja. Pika.; Nobenih osebnih kartotek vam ne bomo predali. In pika.
Potrebovala bova kartoteke. -Ne pride v poštev.; Potrebovala bova te kartoteke. -Ne pride v poštev.
Dr. Naehring sodeluje z našim odborom nadzornikov.; Dr. Naehring je veza z našim upravnim odborom.
Šerif, nadaljujte s preiskavo. Storili bomo vse, kar bo v naši moči.; Marshal, nadaljujte s preiskavo, mi pa vam bomo pomagali, kolikor je to mogoče.
Preiskava je končana. Sestavila bova poročilo in ga predala ...; Napisala bova poročilo in ga predala...
Spala bosta pri strežnikih.; Prespala bosta na oddelku z bolničarji.
Šef? Bova res spakirala?; Hej šef?... Ali res odhajava?
Niti enkrat nisva slišala resnice, Chuck.; Do sedaj še nisva slišala ničesar, kar bi bilo res, Chuck.
Rachel Solando se ni mogla bosih nog sama izmuzniti iz zaklenjene sobe.; Poslušaj. Rachel Solando ni ušla iz zaklenjene sobe bosa...
Mislim, da je imela mnogo pomoči.; Mislim, da je imela veliko pomoči.
Mogoče Cawley sedi v svoji graščini in premišljuje o svojem obnašanju.; Mogoče Cawley sedaj sedi v svoji graščini in razmišIja o svojem vedenju.
Nisem tega rekel.; Tega nisem rekel.
Našla sem celo zalogo tega, Teddy.; Našla sem cel kup tega, Teddy.
Ljubi bog, si sploh še kdaj trezen?; Jezus, si sploh še kdaj trezen?
Med vojno sem ubil veliko ljudi.; Veliko Ijudi sem ubil v vojni.
Zato piješ?; Ali zato piješ?
Se spomniš, ko smo bili poleti v koči, Teddy?; Se spomniš, ko sva bila poleti v koči, Teddy?
Bila sva tako srečna.; Tako srečna sva bila.
Ampak ona je tu.; Ampak ona je.
In prav tako je on.; In on tudi.
V tem usranem vremenu že ne bo trajekta.; V tem sranju ne bo trajekta.
Doktor! Doktor, doktor.; Doktor, doktor.
Izprašati morava paciente, ki so bili z Rachel na terapiji.; Zaslišati bova morala paciente, ki so bili z Rachel na skupinski terapiji.
Mislil sem, da je vaša preiskava končana.; Mislil sem, da je vaša preiskava končana?
Ste Rachel še kako drugače zdravili?; Je bila Rachel deležna še kakšnih drugih tretmanov za svojo bolezen?
Vesta, kakšno je današnje stanje na področju mentalnega zdravja?; Ali sta seznanjena z današnjim stanjem na področju mentalnega zdravljenja, gospoda?
Ne, pojma nimava, doktor. -Vojna.; Ne. Niti približno, doktor. -Vojna.
Stara šola verjame v operativne posege.; Stara šola prisega na kirurške posege.
Psihokirurgija. Posegi kot so transorbitalna lobotomija.; Psihokirurgija. Postopki, kot trans-orbitalna lobotomija.
In katera šola ste vi, doktor? -Jaz?; In kateri šoli pripadate vi, doktor? -Jaz?
Imam to radikalno idejo, da če si do pacienta spoštljiv, ga poslušaš in ga poskušaš razumeti, se mu boš morda približal.; Imam svoje osnovno mnenje, da če ravnate s pacientom s spoštovanjem, jim prisluhnete, poskušate razumeti, potem jih mogoče uspete doumeti.
Kar bi morala biti zadnja možnost, postaja prvi odgovor.; Kar bi moralo biti zadnje sredstvo postaja prvi odgovor.
Dajte jim tablete, jih posadite v kot in vse bo izginilo.; Dajte jim tableto, postavite jih v kot in vse bo izginilo.
Rachel Solando je jemala kombinacijo tablet, ki naj bi preprečevale nasilnost, a niso vedno učinkovale.; Rachel Solando je prejemala kombinacijo zdravil, ki naj bi jo odvračala od nasilja, a so učinkovala samo občasno.
Največja ovira za ozdravitev je bila zavračanje soočenja s svojim dejanjem.; Največja ovira do ozdravitve je bila njene nezmožnost soočenja s svojimi dejanji.
Obstaja razlog, da o svoji pacientki govorite v pretekliku, doktor?; Obstaja razlog, da o svojem pacientu stalno govorite v preteklem času, doktor?
Naslednji je Peter Breen. S kozarcem je napadel očetovo bolničarko.; Naslednji je Peter Breen, napadel je očetovo bolničarko z razbitim kozarcem.
In potem me je vprašala, če ji dam kozarec vode?!; Potem me je vprašala, če lahko dobi kozarec vode?
Sama v kuhinji, kot da to ne bi bilo nič takega?; Sama v kuhinji? Kot, da to ni nič takega?
Zakaj pa je to bilo kaj takega? -Bilo je očitno.; Kaj je bilo takega? -Bilo je očitno.
G. Breen, postaviti vam morava nekaj vprašanj, prav?; G. Breen, nekaj vprašanj vam morava postaviti, razumete?
Veste, da je utopila lastne otroke? Utopila je svoje otroke!; Ali veste, da je utopila svoje lastne otroke? Utopila je svoje otroke!
Poskušala je preživeti, živeti normalno življenje.; Samo preživeti je hotela.
Čestitke, zanjo nič več ne bo normalno, nikoli več.; Čestitam. Nič več normalnega zanjo, nikdar več, ne.
Veste, česa se je bala ona?; Ali veš, česa se je ona bala?
Vas. -Bi lahko prenehali s tem, prosim?; Tebe. -Lahko prenehate s tem, prosim?!
Prosim, nehajte! -Poznate pacienta po imenu Andrew Laeddis? -Ne! Ne!; Ali poznate pacienta z imenom Andrew Laeddis? Poznate? -Ne!
Imam svoje mračne dneve. Mislim, da jih imajo vsi.; No, imela sem svoje črne dni. Mislim, da jih imamo vsi.
Razlika je v tem, da večina ljudi svojih mož ne ubije s sekiro.; Razlika je, da večina ne ubije svojih mož s sekiro.
Mogoče res ne bi smeli iti ven.; Mogoče ne bi smeli od tod.
Kaj nama lahko poveste o Rachel?; Kaj nama lahko poveš o Rachel?
Je bil dr. Sheehan tistega večera prisoten? -Ja.; Je bil dr. Sheehan tam to noč? -Da, hm...
Govoril je o jezi.; Govoril je o besu.
Ne. Ne, dr. Sheehan je dober zdravnik. Nikoli ne bi ...; Ne, dr. Sheehan je dober zdravnik, on nebi nikdar...
Lahko dobim kozarec vode, prosim? -Seveda.; Lahko... lahko dobim kozarec vode, prosim? -Ni problema.
Ste kdaj spoznali pacienta po imenu Andrew Laeddis?; Mogoče poznate pacienta po imenu Andrew Laeddis?
Nikoli še nisem slišala zanj.; Nikdar nisem slišala zanj.
Bila je naučena. Uporabila je iste besede kot Cawley in bolničarka.; Uporabila je praktično iste besede kot Cawley in medicinska sestra.
Kot bi ji nekdo rekel, kaj naj pove. -Kdo je Andrew Laeddis?; Kot da ji je bilo naročeno točno, kaj naj pove. -Kdo je Andrew Laeddis?
Vse paciente si vprašal po njem. Kdo je on?; Vse paciente si spraševal po njem. Kdo je on?
Šele spoznala sva se, Chuck. Že dolgo si v tem poslu.; Šele spoznala sva se, Chuck. Že kar nekaj časa si v tem poslu.
Dolžnosti imaš, kariero. Kar jaz počnem, ni ravno po pravilih.; Imaš svoje obveznosti, kariero. To kar jaz delam, ni ravno po predpisih.
Andrew Laeddis je bil vzdrževalec v stavbi, v kateri sva živela z ženo.; Andrew Laeddis... je bil vzdrževalec v stanovanjskem bloku, kjer sva živela z ženo.
Prav tako je bil požigalec.; Bil pa je tudi piroman.
Spustite ju ven!; Spustite jih ven!
Pred letom dni sem odprl časopis in tam je bil. Ta grdi pesjan.; Pred približno letom dni sem odprl časopis in ga zagledal.
Velika brazgotina od desnega senca do levega kotička ustnic.; Ogromna brazgotina od desne sence proti ustnici na levi strani.
Očesi različnih barv. Takega obraza ne pozabiš.;" Oči druge barve. Takega ""frisa"" ne pozabiš."
Izginil je, kot da nikdar ne bi obstajal. Nobenih dokumentov ni.; Izginil je, kot da nebi nikdar obstajal. Nikakršnega poročila ni o tem.
Samo en kraj je, kjer ga nihče ne bi opazil.; Samo eno mesto obstaja, kamor bi ga odpeljali.
BEŽI Šef! Morava nazaj noter. Tu postaja kot v jebenem Kansasu.; Skriti se morava, tole tukaj se spreminja v jebeni Kansas.
Dobro. Pojdiva!; Dobro. Zdaj pa premaknita svoje riti. Gremo.
Si dobro, šef? -Ja, v redu sem.; Je vse v redu z vami, šef? -Ja. Vse je v redu.
Kaj boš naredil v zvezi s tem?; Kaj boš storil?
Tu nisem, da bi ubil Leaddisa.; Nisem tukaj, da bi ubil Leaddisa.
Ko smo prišli do vrat Dachaua, so se SS-ovi stražarji predali.; Ko smo vstopili skozi vrata Dachaua, so se SS stražarji predali.
Ko sem šel ven, sem na tleh videl trupla.; Ko sem prišel ven, sem na tleh zagledal trupla.
Preveč, da bi jih lahko preštel.; Preveč, da bi jih preštel.
Preveč, da bi si lahko predstavljal.; Preveč, da bi si jih sploh predstavljal.
Stražarji so se predali, vzeli smo jim puške, jih postrojili.; stražarji so se predali. Pobrali smo jim orožje in jih postavili v vrsto.
Z izvajanjem poskusov na možganih.; Z izvedbo poskusov na možganih.
Taka so vsaj moja ugibanja. -In misliš, da se to dogaja tu?; Vsaj jaz tako mislim. -In ti misliš, da se to tukaj dogaja?
Kot sem že rekel, nihče noče govoriti.; Kot sem že rekel, nihče ni hotel govoriti o tem, razumeš?
Dokler nisem našel nekoga, ki je bil tu pacient.; Dokler nisem našel nekoga, ki je bil tukaj pacient.
Ime mu je George Noyce. Prijeten študent. Socialist.; Fantu je ime George Noyce. Prijazen študent. Socialist.
Po dveh tednih zunaj je odkorakal v bar in do smrti zabodel tri ljudi.; Po dveh tednih na celini vstopi v bar in zabode tri Ijudi do smrti.
Sodnik mu je prisodil doživljenjsko kazen v Dedhamu.; Sodnik mu je prisodil doživljensko v zaporu Dedham.
Zaboga, vojskovali smo se, da bi jih ustavili in sedaj izvem, da se to mogoče dogaja tu, na naši zemlji? Ne.; Za božjo voljo... v vojni smo se bojevali, da jih zaustavimo, zdaj pa ugotovim, da se to mogoče dogaja tukaj? Na naši zemlji?
Zakaj si v resnici tu, Ted?; Kaj pravzaprav misliš tukaj storiti, Ted?
Našel bom dokaz, se vrnil in razkrinkal ta kraj. To je vse.; Poiskal bom dokaze, vrnil se bom nazaj in razkril, kaj se dogaja na tem mestu.
Začel si povpraševati o Ashecliffu.; Začel si poizvedovati o Ashcliffu.
Sreča. Pacientka je pobegnila, bil je popoln izgovor.; Srečo sem imel. Pacient je pobegnil, to je bila enkratna priložnost.
Ne, ne, ne, šef. Sreča ne deluje na tak način.; Ne, ne, ne šef. Sreča ne funkcionira na ta način.
Oddelek C je znotraj vojne trdnjave?!; Oddelek C je znotraj utrdbe iz državljanske vojne?
Za božjo voljo! Tu vse smrdi po vladni operaciji.; Mislim, Ijubi Bog! Vse na tem mestu smrdi po vladnih operacijah.
Ni mogoče, da bi vedeli, da me bodo dodelili na ta primer.; Ni mogoče, da bi vedeli, da mi bo dodeljen ta primer. Ni možno...
Ko si ti opazoval njih, so oni mogoče opazovali tebe.; Medtem ko si ti opazoval njih, so oni opazovali tebe.
Vem, da sta tam notri ...; Vem, da sta tam...
Pohitita, tole se spreminja v prekleti orkan!; Pa pohitita, tale stvar se spreminja v prekleti orkan.
Če nas ne bo prej odplaknilo.; Če tole vseh nas prej ne odplakne.
To je najina edina izbira, kaj?; To je najina edina izbira, ne?
Imam nekaj lepega v zaporniški sivi barvi, če vama to ni všeč.; Imam nekaj res lepega v zaporniško sivi, če vama to ne odgovarja.
Zato ponovno vztrajam, da morajo biti vsi pacienti iz oddelka C privezani.; Zato moram ponoviti svojo zahtevo, da morajo biti vsi pacienti z oddelka C vklenjeni.
Tvegano je, Steven. Kaj, če pride do prekinitve električnega toka?; To je tvegano, Steven. Recimo, da pride do izpada električne energije.
Imamo rezervne generatorje. -In če odpovedo? Vrata celic se bodo odprla.; Tam je pomožni generator. -In če še ta odpove? Vrata celic se bodo odprla.
To je 24 človeških bitij. Lahko živiš s tem?; To je 24 človeških bitij. -In ti bi lahko živel s tem, ali ne?
Če bi jaz odločal, bi vklenil tudi vseh 42 pacientov iz oddelkov A in B.; Iskreno, če bi sam odločal o tem, bi vklenil tudi vseh 42 pacientov z oddelka A in B.
Zakon štirih. To mi je bilo zelo všeč.; Zakon četverice, to mi je bilo všeč.
Rekli ste, da ne veste, na kaj se nanaša druga vrstica, ni tako?; Rekli ste, da nimate pojma, na kaj bi se druga vrstica lahko nanašala. Je tako?
Kdo je številka 67?; Kdo je 67?
Vam nič ne pride na misel?; Nič vam ne pride na misel.
To je točno, ja.; To drži, da.
Niti ene praske nima.; Niti praske nima.
Kdo sta ta moška?; Kdo sta ta dva moška?
V tej soseski? -Ja, bojim se, da res.; V tej soseski? -Da, bojim se, da res.
Če bi nam lahko povedali, kaj ste počeli včeraj, kje ste bili, bi nam to resnično pomagalo zožiti iskanje.; Če nam torej lahko poveste, kaj ste delali včeraj, kje ste bili, bi nam res pomagali omejiti našo raziskavo.
Nato sem otroke poslala v šolo.; Nato sem poslala otroke v šolo.
Odločila sem se za daljše plavanje v jezeru.; Odločila sem se, da si privoščim dolgo plavanje v jezeru.
In potem?; Kaj pa potem?
Mislila sem nate.; Sem mislila nate.
Oprostite, gospa, ne vem, o čem govorite.; Jaz... oprostite gospa. Jaz... ne vem o čem govorite.
Veš, kako osamljena sem, Jim?; Ali ne veš, kako osamljena sem bila, Jim?
Kako naj preživim?; Kako bom preživela?
Zelo mi je žal, ampak ...; Tako mi je žal, ampak...
Moj Jim je mrtev. Kdo si torej ti, jebenti?; Moj Jim je mrtev. Torej, kdo za vraga si ti?
Opravičujem se za to.; Ne morem se pritoževati.
Nisem hotel prekinjati. Mislil sem, da vam bo kaj povedala, a ...; Nisem hotel prekiniti. Mislil sem, da vam bo kaj povedala ampak...
Ste dobro? Videti ste bledi. -V redu sem, samo ...; Je vse v redu z vami? Bledi zgledate. -V redu sem, samo...
Moral bo leči.; In uleči se bo moral.
Previdno. Tako.; Previdno. Dobro.
Moral bi me rešiti.; Rešiti bi me moral.
Brez zamer.; Brez zamere.
Nekaj malega za pozneje.; Nekaj malega za kasneje.
Ker vem, kako zelo jo potrebuješ.; Ker vem, kako močno to potrebuješ.
Lahko bi zašel v težave.; Lahko bi zabredel v težave.
Poskušal sem, hotel sem, a ko sem prišel, je bilo že prepozno.; Poskušal sem, hotel sem, ampak preden sem prišel tja, je bilo prepozno.
Kaj niso lepi?; Ali niso čudoviti?
Zakaj si vsa mokra, ljubica?; Zakaj si vsa mokra, punči?
Ni izginil.; Ni odšel.
Si dobro, šef?; Si v redu šef?
Ta presneta migrena!; Ta prekleta migrena!
Rezervni generator je zatajil. Vsi so ponoreli.; Pomožni generator se je pokvaril. Zdaj je tu res prava norišnica.
Kaj boš naredil?; Kaj boš storil?
Lep dan za sprehod, se ti ne zdi? Recimo do oddelka C.; Lep dan za potep, kaj praviš? Do oddelka C na primer.
Tip, o katerem sem ti govoril, George Noyce?; Fant o katerem sem ti pravil, George Noyce?
Povedal mi je, da tu zadržujejo tiste najhujše.; On mi je povedal, da imajo tukaj priprte najhujše.
Take, ki se jih celo ostali zaporniki bojijo.; Tipe, ki se jih celo ostali sojetniki bojijo.
Ti je Noyce kaj povedal o razporeditvi? -Ne ravno.; Ti je Noyce dal kakšen podatek o razporeditvi prostorov? -V bistvu ne.
Spomni se le, da ljudje noč in dan kričijo, ni oken, povsod so rešetke.; Vse kar se je spomnil je bilo kričanje Ijudi dan in noč, brez oken.
Zaboga! -Prvič na oddelku C, kaj?; Prvič na oddelku C, kaj?
Ja. -Ja. Slišala sva zgodbice ... -Verjemi, sine, en drek sta slišala.; Slišala sva zgodbe ampak... -Verjemi sinko. Nič nista slišala.
Večino tega mrčesa smo polovili, a nekaj jih je še na prostosti.; Večino golazni imamo sedaj pod ključem, nekateri pa so še vedno na prostosti.
Če katerega vidite, ga ne skušajta zadržati sama.; In če vidita koga, ga ne poskušajta obvladati sama.
Zakaj bi sploh kdo hotel? Tu slišimo stvari o zunanjem svetu.; Mislim, zakaj bi sploh kdo hotel? Tukaj slišimo stvari.
Kaj je narobe z vama, jebenti? Morata jih ujeti, ne ubiti!; Kaj za vraga je narobe z vama? Poloviti jih moramo, ne pobiti.
Rekel si mi, da me boš osvobodil tega kraja.; Rekel si mi, da se bom osvobodil tega mesta.
To je prekleto smešno.; To je pa res prekleto smešno.
Tvoj glas ... -Ga ne prepoznaš?; Tvoj glas... -Ali ga ne prepoznaš?
Pravijo, da nikoli ne bom odšel od tu.; Pravijo, da bom ostal tukaj za vedno.
Vžigalica ti bo izgorela.; Vžigalica ti bo ugasnila.
Vedno je šlo le za to.; Vedno je bilo samo to.
Ne, to ni mogoče. Ne moreš biti tukaj.; Ne, to ni mogoče, ti ne moreš biti tukaj.
Kdo ti je to naredil, George? -Ti. -Kaj, hudiča, misliš s tem?; Kaj se je pa zgodilo s tabo? -Kako to misliš?
Kakorkoli že je do tega prišlo, našel bom način, da to popravim, razumeš?; Kako se je to zgodilo? Našel bom način, da to popravim. Si razumel?
Nikoli ne bom prišel ven.; Zdaj ne bom več prišel ven.
Vse, kar si nameraval. Tvoj celoten načrt.; Vse kar si nameraval. Ves tvoj načrt.
Jebena podgana v labirintu si.; Ti si jebena podgana v labirintu.
Res? Si bil kaj sam, odkar si prišel sem?; Si bil kdaj sam, odkar si prišel sem?
Potem so že zmagali.; Potem so pa že zmagali.
George, spravil te bom od tu. Ne boš šel v svetilnik.; George, spravil te bom od tod. Ne boš šel v svetilnik. Ne boš.
Ne moreš istočasno izkopati resnice in ubiti Laeddisa.; Ne moreš odkriti resnice in ubiti Laeddisa istočasno.
Odločiti se moraš, saj razumeš, kajne?; Tukaj se pa moraš odločiti. Saj to razumeš, ali ne?
Mrtva je.; Umrla je.
Pozabi jo.; Pozabi nanjo.
To moraš storiti. Drugega načina ni.; To moraš narediti. Druge izbire nimaš.
Pozabi jo. -Povej mu o dnevu, ko si mi prinesel medaljon. -Moraš!; Pozabi jo. -Povej mu o dnevu, ko si mi prinesel moj medaljon. -To moraš narediti!
Želiš odkriti resnico? Njo moraš pozabiti.; Hočeš odkriti resnico? Pozabi nanjo.
Potem pa nikoli ne boš zapustil tega otoka.; Potem pa nikdar ne boš zapustil tega otoka.
Premeščen je bil stran.; Premeščen je bil... stran od tod.
Bog ti pomagaj.; Bog s tabo.
Šef, težave imamo. McPherson  in Cawley sta v stavbi.; Šef, problem imava, McPherson in Cawley sta v zgradbi.
Samo hodiva naprej. Spadava sem.; Samo naprej. Midva spadava sem.
Kaj se ti je zgodilo? -Kaj to misliš?; Kaj se je pa zgodilo s tabo? -Kako to misliš?
Pozneje bom pogledal.; Kasneje ga bom pregledal.
Prekleto! Preveč južno sva. Morala bova nazaj.; Preveč južno sva. Obrniti se bova morala.
To je dokaz obstoja 67. pacienta, za katerega pravijo, da ne obstaja.; Dokazuje, da je tukaj 67-ti pacient, za katerega pravijo, da ne obstaja.
Ti si me zvlekel v to, šef. In sedaj sva ujeta na tem otoku.; Ti si me zvlekel v to, šef. In zdaj sva zajeta tukaj...
Kaj, za vraga, se je zgodilo v tistih celicah, Ted?; Kaj za vraga se je zgodilo tam pri tistih celicah, Ted?
Kakšno misliš, da je vreme v Portlandu, Chuck?; Kaj misliš, kakšno vreme je v Portlandu, Chuck?
Vedel sem, da ne bo trajalo dolgo, a zaradi plime nisem mogel priti tja.; Vedel sem, da bom hiter. Ampak nisem mogel do njega. Plima je previsoka.
Prepričati se želim, da me s tistim, kar držite, ne boste ranili.; Rad bi bil prepričan, da me s tem, kar držite ne boste poškodovali.
Tole bom obdržala, če nimate nič proti.; Obdržala bom tole...
Ste umorili svoje otroke?; Ali ste ubili svoje otroke?
In preden sem postala pacientka, sem tu delala.; In preden sem postala pacient v Ashcliffu, sem tukaj delala.
Bili ste bolničarka?; Bili ste medicinska sestra?
To je kafkovska genialnost tega.; To je Kafkova genialnost tega.
Ko si enkrat razglašen za norega, so vsa tvoja dejanja zaznamovana s tem.; Ko te enkrat razglasijo za neprištevnega, potem vsako tvoje nadaljnje dejanje pripišejo tej norosti.
Nagon po preživetju je obrambni mehanizem.; Zelo prepričIjiv obrambni mehanizem.
Pametnejši ste kot izgledate. To verjetno ni dobro.; Pametnejši ste, kot zgledate, Marshal. To verjetno ne pomeni nič dobrega.
Spraševala sem tudi o operacijah.; Tudi o operacijah sem spraševala.
Pacientu najprej dajo elektrošoke, nato pa mu skozi oko vstavijo šilo za led in ven povlečejo nekaj živčnih vlaken.; Pacienta onesposobijo z elektrošoki, nato mu potisnejo ledolomilko v oko in potegnejo ven nekaj živčnih vlaken.
Pacienti postanejo veliko bolj poslušni. Vodljivi.; Nekateri pravijo, da pacienti postanejo razumni, ubogljivi.
Veste, kako bolečina vstopi v telo, šerif. Veste?; Veste, kako bolečina pride v telo, Marshal? Veste?
Nadzorujejo strah, empatijo, spanec, jezo, lakoto, vse.; Možgani nadzorujejo strah, empatijo, spanje, lakoto, jezo, skratka vse.
Kaj, če bi jih lahko nadzoroval?; Kaj, če bi jih lahko nadzorovali?
Človeka, ki ga ne moreš zaslišati, ker nima spominov, ki bi jih priznal.; Človeka, ki ga ni mogoče zaslišati, saj je brez spomina, da bi lahko priznal.
Leta raziskav, stotine pacientov, na katerih lahko delajo poskuse.; Leta in leta raziskav, stotine pacientov, na katerih bi eksperimentirali.
Nacisti so uporabili Žide, Sovieti zapornike v svojih gulagih. In mi ...; Nacisti so uporabili Žide. Rusi zapornike v lastnih gulagih, mi pa...
Ni bilo pomembno.; Ni bilo važno.
Z mojo glavo? -Imate zadnje čase čudne sanje? Težave s spanjem?; Mojo glavo? -Kaj čudnih sanj zadnje čase?
Saj niste vzeli kakšnih tablet, kajne?; Saj nisi vzel kakšnih tablet, ne?
Najprej prstne blazinice, sčasoma pa celotna roka.; Najprej v konicah prstov potem sčasoma cela roka.
Povejte mi, kaj se dogaja v svetilniku?; Povej mi, kaj se dogaja v svetilniku?
Ampak lahko bi vas odpeljal z otoka.; Ampak pomagal ti bom priti s tega otoka.
Niste slišali niti besede tega, kar sem vam povedala?; Me nisi niti malo poslušal, ko sem govorila?
Edina pot z otoka je trajekt in oni ga nadzorujejo.; Edina pot z otoka je trajekt, oni pa ga nadzirajo.
Nikoli ne boste odšli od tod.; Nikoli ne boš odšel od tod.
Včeraj sva bila skupaj, a potem sva se ločila.; Včeraj sem bil z njim, a sva se ločila.
Ste ga videli?; Si ga mogoče videla?
Tukaj ste.; Tukaj si.
Spraševali smo se, kdaj se boste prikazali.; Spraševali smo se že, kdaj se boš pojavil.
Mislil sem, da nam je Bog dal moralne zapovedi.; Mislil sem, da nam je Bog podaril moralni red.
Moralnih zapovedi sploh ni.; Nobenega moralnega reda ni.
Jaz nisem nasilen. -Seveda ste.; Nisem nasilen. -Seveda ste.
Pomemben sestanek? -Ja.; Pomemben sestanek? -Oh, da.
Kaže, da je bil včeraj na oddelku C neznan moški.; Očitno je bil včeraj na oddelku C neznan moški.
Tu sem zgradil nekaj dragocenega.; On je tukaj ustvaril res nekaj edinstvenega.
In ne bom se predal brez boja.; Jaz pa se ne bom predal brez borbe.
Povejte mi še enkrat o tem partnerju.; Torej še enkrat mi povejte o svojem partnerju.
Katerem partnerju?; Kakšnem partnerju?
Kaj je to, doktor? Kaj je to? -Samo pomirjevalo.; Kaj je to? -To je samo pomirjevalo.
Strinjam se. -Ja ...; Strinjam se. -Da...
Če svet misli, da je Chuck mrtev, je popoln za njihove poskuse.; Če cel svet misli, da je Chuck mrtev, potem je idealen za njihove poskuse.
Samo en kraj je, kamor bi ga odpeljali.; Samo eno mesto obstaja, kamor bi ga odpeljali.
Nikogar več ne morem izgubiti.; Nikogar več ne smem izgubiti.
Ne hodi tja. Prosim, ne počni tega, Teddy. Ne hodi.; Ne odhajaj tja Teddy, prosim. Prosim, ne delaj tega. Ne odhajaj tja.
Kaj ste rekli? -Natančno veste, kaj sem rekel.; Kaj ste rekli? -Saj veste, kaj sem rekel.
Mimogrede, puška ni nabita.; Mimogrede, puška je prazna.
Zaboga, posušite se, saj se boste še prehladili.; Za božjo voljo posušite se, še prehladili se boste.
Kako močno ste poškodovali stražarja?; Kako hudo ste poškodovali stražarja?
Že dve leti poslušam to izmišljotino, poznam vsako podrobnost.; To domišIjijo poslušam zdaj že dve leti. Vsako podrobnost poznam.
Vaš izginuli partner. Sanje, ki jih sanjate vsako noč.; Vaš pogrešan partner. Sanje, ki jih imate vsako noč.
Res si želim, da bi vas lahko pustil živeti v vašem izmišljenem svetu.; Želim si, da bi vas lahko pustil živeti v vašem namišIjenem svetu.
Ker vam je rekel Laeddis, vi pa bi naredili vse, da ne bi bili on.; Ker vam je rekel Laeddis, vi pa bi naredila karkoli, da nebi bili on.
Imam prepis vajinega včerajšnjega pogovora.; Imam prepis pogovora, ki ste ga imeli včeraj z Noycem.
Upravnik in nadzorniki so odločeni, da je treba ukrepati. Odločeno je.; Upravnik in upravni odbor so odločni, da je potrebno nekaj odločnega storiti.
Naredili vam bodo lobotomijo, Andrew. Razumete?; Lobotomizirali vas bodo, Andrew. Ali razumete?
Kaj se tu dogaja, jebenti?; Kaj za vraga se dogaja tukaj? Kaj?
Nadzoroval si me vsako minuto.; Opazoval si me vsak trenutek.
Na prvi bojni črti smo, prijatelj dragi.; Tukaj smo na prvi liniji fronte, fant.
In sedaj je vse na vas.; In zdaj je vse odvisno od tebe.
Kaj ste naredili z mojo pištolo? -Igračka je, Andrew.; Kaj ste naredili z mojo prekleto pištolo? -To je igrača, Andrew.
Dolores je bila nora. Manično- depresivna. Nagnjena k samomoru.; Dolores je bila duševno bolna. Manično-depresivna. Samomorilska.
Ti si pil, odhajal, nisi se menil za besede drugih.; Ti si pil. Ostajal od doma. Nisi poslušal, kar so ti vsi govorili.
Rada bi šla domov.; Domov bi šla rada.
Daj no, daj no!; Daj no!
Ne, prosim, bog ...; Ne, ne, prosim, Bog.
Zakaj ste tu?; Zakaj si tukaj?
Ker sem ubil svojo ženo. -In zakaj ste to storili?; Ker sem ubil svojo ženo. -In zakaj si to storil?
Umorila je najine otroke.; Ker je ubila najine otroke.
Rekla mi je, naj jo izpustim.; In rekla mi je, da naj jo osvobodim.
Kdo je Teddy Daniels? -Ne obstaja.; Kdo je Teddy Daniels? -On ne obstaja.
Povedala mi je.; To mi je povedala.
Tako močno sem jo ljubil.; Tako zelo sem jo Ijubil.
Ker ne morem prenesti spoznanja, da je Dolores ubila najine otroke.; Ker ne morem razumeti, da je Dolores lahko ubila najine otroke.
Poskušali ste mi pomagati, ko mi nihče drug ni hotel.; Poskušali ste mi pomagati, ko nihče drug ni hotel.
Ime mi je Andrew Laeddis in spomladi leta 1952 sem umoril svojo ženo.; Moje ime je Andrew Laeddis in umoril sem svojo ženo spomladi 1952.
Kaj bo najin naslednji korak?; Kaj bo torej naš naslednji korak?
Oditi morava s te skale, Chuck.; Spraviti se moram s te skale, Chuck.
Se vrniti na kopno. Karkoli že se tu dogaja, je zlo.; Nazaj na celino, karkoli za vraga se že dogaja tukaj, je slabo.
Ne skrbi, partner. Ne bodo naju ujeli.; Ne skrbi, partner, ne bojo naju ulovili.
Tako je. Prepametna sva zanje.; Prav imaš. Prepametna sva za njih.
Kaj bi bilo huje?; Kaj bi bilo slabše?