sentence 1,sentence 2
"Ko sem ležal v VI bolnišnici,",Ko sem le�al v veteranski bolni�nici
sem bil pred veliko luknjo mojega življenja.,"z veliko praznino v svojem �ivljenju,"
"Zaèel sem sanjati, kako letim.",sem za�el sanjati o letenju.
"Prej ali slej, na koncu se vedno zbudiš.",Toda prej ali slej se mora� zbuditi.
V kriogenski komori ne sanjaš nièesar.,V kriospanju sploh ne sanja�.
"Ne obèutiš, da je minilo šest let.",Ne zdi se kot �est let.
"Podobno je, kot da bi se napil tekile.",Prej kot pol litra tekile in pretep.
"Tommy je bil znanstvenik, ne pa jaz.","Tommy je bil znanstvenik, ne jaz."
"On je bil ta,",On je hotel potovati v vesolje
Smo že prispeli?,Smo �e tam?
"Ja, tukaj smo, sonèek.","Smo, son�ek."
Za tvojega brata gre.,Za va�ega brata gre.
"Teden dni, preden bi Tommy moral na ladjo",Teden dni pred odhodom
je tip s pištolo konèal njegovo potovanje.,je Tommyja nekdo ustavil zaradi papirja v denarnici.
"V krio komori ste bili pet let, devet mesecev in 22 dni.","V kriu ste bili 5 let, 9 mesecev in 22 dni."
Laèni boste in slabotni.,La�ni in �ibki boste.
Èe vam bo slabo...,"�e vam bo slabo, uporabite vre�ko."
Tommy je bil znanstvenik.,"Ja, Tommy je bil znanstvenik."
"Jaz sem samo še en bedak, ki gre nekam, kjer bo to obžaloval.","Jaz sem samo pe�ak, ki gre nekam, kamor si ne �eli."
Pred nami je Pandora.,Pred nami je bila Pandora.
"Ko sem odrašèal, sem slišal o njej.","Sli�al sem o njej, nisem pa si mislil, da bom �el tja."
V tvojega brata smo veliko investirali.,Va� brat je bil pomembna nalo�ba.
"S teboj bi se radi dogovorili, da prevzameš njegovo pogodbo.","Radi bi, da izpolnite njegovo pogodbo."
"Ker je tvoj genetski zapis enak kot njegov,","Va� genom je enak, lahko bi stopili na njegovo mesto,"
Èe lahko tako reèemo.,�e se tako izrazim.
To bo svež zaèetek na novem svetu.,To bi bil nov za�etek na novem svetu.
Tudi plaèilo je dobro.,In pla�ilo je dobro.
Namestite maske!,Eksomaske gor! Dajmo! �Eksomaske gor!
"Zapomnite si, èe izgubite masko, boste èez dvajset sekund nezavestni.","�e jo izgubi�,"
Eno življenje se konèa,"Eno �ivljenje se kon�a,"
drugo pa se zaène.,drugo za�ne.
"Ko se spustimo pojdite naravnost v bazo, brez ustavljanja!","Ko se rampa spusti, pojdite naravnost v bazo."
Pojdite naravnost noter! Poèakajte nam moj znak!,Naravnost noter. Po�akajte na moj znak.
Gremo!,"Gremo, gremo! Ven. Brez ustavljanja! Ne ustavljajte se."
Ne obstaja kaj takega kot bivši marinec.,Biv�ih marincev ni.
"Morda nisi veè zraven, a nikoli ne izgubiš navad.","Nisem ve� pri marincih, ampak nastrojenost ostane."
"Rekel sem si, da bom prestal vsak test, ki ga lahko èlovek prestane.","Rekel sem si, da lahko opravim vsak test."
"Lahko vam ozdravijo hrbtenico, èe imate denar.","�e ima� denar, ti lahko popravijo hrbtenja�o."
"Ampak ne, èe jim ne koristite, ne v tem gospodarstvu.",Ampak ne z veteranskim zavarovanjem.
"Gremo, posebni primer, ne pusti me èakati.","Gremo, posebni primer. Ne bom te �akal."
"Glej, glej, dame.",Gospodi�ne.
Glej vse to sveže meso.,Poglej to sve�e meso.
"Nekoè na Zemlji so to bili vojaki, marinci.","Na Zemlji so bili vojaki in marinci,"
Borili so se za svobodo.,ki so se bojevali za svobodo.
"Tukaj pa so bili samo najemniki, ki so delali za denar, za podjetje.","Tu pa so bili najemniki,"
"Poglej tega, èlovek. Na vozièku je.",Poglej to.
"Èlovek, to ni prav.",To ni prav.
Niste veè v Kansasu.,Niste ve� v Kansasu.
"Dame in gospodje, ste na Pandori.","Na Pandori ste, gospe in gospodje."
"Spoštujte to dejstvo, vsako sekundo in vsak dan.",Ves �as se zavedajte tega.
"Èe pekel obstaja,","�e obstaja pekel,"
"si lahko tam privošèite dopust, ko konèate na Pandori.",pojdite tja na dopust po Pandori.
"Tam zunaj za ograjo vas vsako živo bitje,",Za tisto ograjo
želi ubiti in vas požreti.,ki vas ho�ejo ubiti in vam po�reti o�i.
"Imamo tudi inteligentna, humanoidna bitja imenovana Na'vi.","Tu �ivijo tudi humanoidi, imenovani Na'vi."
"Radi uporabljajo pušèice namoèene v živèni strup,","Pu��ice namakajo v strup,"
ki vam v minuti ustavi srce.,ki ti v minuti ustavi srce.
Kosti imajo okrepljene z naravnimi ogljikovimi steklenimi vlakni.,Kosti imajo oja�ane z naravnimi ogljikovimi vlakni.
Zelo težko jih je ubiti.,Zelo te�ko jih je ubiti.
"Kot vodja varnosti imam nalogo, da vas obdržim žive.","Vodja varnostnikov sem. Moja naloga je, da vas ohranim �ive."
"Èe hoèete preživeti, potrebujete moèno voljo.","�e ho�ete pre�iveti,"
Ubogati morate pravila.,Ubogajte pravila.
Pravilo številka ena...,Prvo pravilo �
Za sprostitev ni niè boljšega kot starokopitno varnostno predavanje.,Varnostni napotki
"Jake, saj si Jake, ali ne?",Oprostite. Jake! Saj si Jake? Tomov brat.
Podoben si mu.,�isto si mu podoben.
Jaz sem Norm Spellman. Skupaj sva bila na avatar treningu.,Norm Spellman. Skupaj sva bila na avatarskem urjenju.
"Biološki laboratorij, tukaj bova preživela veliko èasa.",Biolo�ki laboratorij.
"Z Normom bova upravljala ta daljinsko vodena telesa, avatarje.",Z Normom bova upravljala
Vzgojili so jih iz èloveške DNK pomešane z DNK domorodcev.,Vzgajajo jih iz kombinacije �love�ke in domorodne DNK.
Dobrodošla.,�ivjo. Dobrodo�la. ��ivjo.
"Dobrodošla na Pandoro, lepo, da sta tukaj.","Dobrodo�la na Pandori. Lepo, da sta pri�la. �Hvala."
Velika sta že. -Odrasla sta na letu do sem.,"Mater, so veliki."
"Izgleda, da zelo dobro napredujeta.",Propriocepcijski simulatorji dobro delujejo.
Veliko mišiène mase sta pridobila.,"Ja, odli�en mi�i�ni tonus imajo."
"Trajalo bo nekaj ur, da ju pripravimo,",�ez nekaj ur bosta zunaj.
ampak jutri ju lahko vzameta ven.,Jutri ju lahko preizkusita.
Ta je tvoj.,Tamle je tvoj.
Podoben je bratu.,Podoben mu je.
Podoben je tebi.,Tebi je podoben.
"Zdaj je to tvoj avatar, Jake.","To je zdaj tvoj avatar, Jake."
"Koncept je tak, da je vsakemu upravljavcu prirejen njegov avatar.","Vsak upravljavec dobi svojega avatarja,"
Njun živèni sistem je usklajen.,da sta njuna �iv�na sistema usklajena.
Ali nekaj podobnega...,Ali nekaj takega.
"Delo so mi ponudili, ker se lahko povežem s Tommyjevim avatarjem.","To delo sem dobil, ker se lahko pove�em s Tommyjevim."
Ta pa je izjemno drag.,Avatarji so zelo dragi.
Je prav tako?,Je v redu? Naj kar prosto govorim?
"Ja, v navado nam je prešlo, da vse dokumentiramo.","Ja, dokumentirati moramo,"
"Vse kar vidiš, vse kar èutiš, vse je del znanosti.",kaj vidimo in �utimo.
Znanost je samo dobro opazovanje. -Pa še pri pameti te bo ohranilo,Za znanost. �Opazovanje je del znanosti.
naslednjih šest let.,Zaradi mene.
Zdaj sem torej tukaj.,"Skratka,"
Ukvarjam se z znanostjo.,in ukvarjam se z znanostjo.
Prihajajo ven.,Odklopili se bodo!
"Pozor, upravljavci prihajajo iz komor.",Pozor! Upravljavci se odklapljajo od linkov.
Kdo ima moje presnete cigarete?,"Kdo ima cigareto zame? Ljudje, kaj tu manjka?"
Hvala.,Hvala. �Grace Augustine je legenda.
"Ona je vodja avatar programa, napisala je tudi knjigo.",Vodi avatarski program in napisala je knjigo
"In to dobesedno, napisala je knjigo o rastlinstvu Pandore.",o rastlinstvu na Pandori.
"To pa zato, ker ima raje rastline kot ljudi.",Ker ima rastline raje kot ljudi.
"Tako, Trnuljèica je zopet med nami.",Pepelka se vra�a s plesa.
"Grace, predstavljam vam Norma Spellmana in Jaka Sullyja.","Grace, to sta Norm Spellman in Jake Sully."
"Norm, slišala sem nekaj dobrih stvari o tebi. Kako kaj tvoj Na'vi?",Norm. Lepe re�i sli�im o tebi. Zna� jezik Na'vijev?
"Dovolite mi, Velika mati, v èast mi je, da sem vas spoznal.",Naj se Mati vsega
"Ni slabo, èeprav je nekoliko grobo.",Ni slabo. Malce formalno zveni.
"Študiral sem pet let, ampak veliko še se moram nauèiti.","Pet let se �e u�im,"
"Grace, to je Jake Sully. -Gospa.",Grace? To je Jake Sully. �Gospa.
"Vem, kdo si in ne potrebujem te.","Vem, kdo si. Ne potrebujem tebe, ampak tvojega brata."
"Vem, da to za vse tukaj predstavlja neprijetnost.","Vem, da imate sitnosti zaradi tega."
Koliko si delal v laboratoriju?,Se znajde� v laboratoriju? �Neko� sem seciral �abo.
Zdaj vidiš?,"Vidi�? Takole nam serjejo na glavo,"
"Grem k Selfridgu. -Ne, Grace!","K Selfridgeu grem. �Ne, Grace."
To je navadno sranje.,Ni najbolj pametno. �To je brez veze!
Zbrcala bom njegovo podjetniško rit.,Nahrulila ga bom.
"Nobene pravice nima, da bi vtikal nos v moj oddelek.",Naj se ne vtika v moj oddelek.
Pridi zjutraj ob osmih.,Jutri ob 8.00 bodi tu. Uporabljaj u�ene besede.
"Si videl tole? -Ja, gospod.","Ste videli to? �Da, gospod."
"Ne, pa nisi, gledal si na zaslon. Obožujem to palico, Ronnie.",Niste. Monitor ste gledali.
Parker...,"Parker. V�asih sem mislila, da me samo ignorira�,"
"zdaj pa vidim, da me namerno zajebavaš.","zdaj pa vidim, da me nala�� zafrkava�."
"Grace, uživam v najinih pogovorih...","Grace, u�ivam v najinih pogovorih."
"Mislim, da smo z njim imeli še kar sreèo.","Sre�o ima�, da si ga dobila."
Sreèo? -Ja.,Sre�o? �Ja.
Kako lahko temu reèeš sreèa?,Zakaj?
Na sreèo je imel tvoj èlovek dvojèka in na sreèo ta ni kak zobozdravnik.,Ker dvoj�ek sploh obstaja
Marinca lahko uporabimo. Tvoji enoti sem ga dodelil kot varnostnika.,Marinca lahko uporabimo.
Zadnje kar potrebujem je še en bedak s prstom na sprožilcu.,"Ne potrebujem trota, ki rad strelja."
Ti bo morala osvojiti srca in,Domorodcem
"razum domorodcev, ali ni to glavni cilj tvoje lutkovne predstave?",se mora� prikupiti.
"Izgledaj kot oni, govori kot oni, pa ti bodo zaèeli zaupati.","�e bomo izgledali in govorili kot oni,"
"Zgradili smo jim šolo, jih nauèili našega jezika,","Zgradili smo jim �olo, u�imo jih angle�ko."
ampak po vseh teh letih se naši odnosi z domaèini samo slabšajo.,Toda po toliko letih
"To se dogaja, èe na njih uporabljaš avtomatske puške.","To se zgodi, �e proti njim uporabi� strojnice."
"Prav, pridi sem.",Ja. Pridi sem.
"Zaradi tega smo tukaj, zaradi unobtanija.",Zato smo tu. Zaradi unobtanija.
"Zato, ker se ta siv kamen prodaja po dvajset milijonov za kilogram.",Ker je kila tega vredna 20 milijonov.
To je edini vzrok. To plaèuje celotno zabavo.,Samo zato. To pla�uje za vse.
"To plaèuje tudi tvojo znanost, razumeš?",To pla�uje tvojo znanost.
Ti divjaki so ogrozili našo celotno operacijo.,"Ti divjaki ogro�ajo na�o operacijo,"
Smo na robu vojne in ti bi morala najti neko diplomatsko rešitev.,na robu vojne smo
"Zato uporabi, kar imaš in mi prinesi nek rezultat.","Uporabi, kar ima�, in poka�i rezultate."
Koliko povezav si opravil?,Koliko ur si opravil?
Okrog 520 ur. -To je v redu.,Okrog 520. �Dobro.
"Ti greš tja, ti pa boš tukaj.",Tja noter. Ti pa sem. Koliko pa ti?
"Reci, da se šališ.","Reci, da se �ali�."
To je super.,Prima.
"Nikar, bom že sam.","Ne, bom sam."
"Torej si mislil, da boš kar šel sem,","Si mislil, da bo� pri�el sem,"
"v najbolj sovražno okolje, kar jih èlovek pozna","v najbolj sovra�no okolje, kar jih poznamo,"
"brez vsakega treninga in poskusil, kako bo šlo?","in videl, kako bo �lo?"
Kaj si imel v glavi?,Kaj ti je �lo po glavi?
"Morda sem imel dovolj zdravnikov, ki so mi govorili, èesa vse ne zmorem.","Sit sem bil zdravnikov, ki so mi govorili, �esa ne morem."
Biometrija je v redu. -Povezava je pripravljena.,Biometrika je v redu. �Link 3 je pripravljen.
"Drži roke noter, dlani obrnjene k sebi.","Roke noter, dlani noter, glavo dol."
"Sprosti se in pusti, da se ti glava izprazni.",Dol. Sprosti se in ne misli na ni�.
Tebi to ne bi smelo delati težav.,To ti najbr� ne bo te�ko.
Poljubi najtemnejši del moje... -Vkljuèi povezavo.,Ku�ni me na �
Zagon programa za enoto tri. -Zaganjam.,Spro�i postopek za enoto 3. Zdaj.
Imam prve podatke.,Imamo prvo ujemanje.
Noter grem. V številki štiri bom.,"V redu, grem."
"Jake, me slišiš?","Notri je. Jake, me sli�i�? Me sli�i�, Jake?"
"Ušesni odziv normalen. Kako se poèutiš, Jake?","Slu�ni odziv normalen. Kako se po�uti�, Jake?"
Pozdravljena.,�ivjo.
"Dobrodošel v svoje novo telo, Jake. -V redu.",Dobrodo�el v novem telesu.
"Nadaljevali bomo lepo poèasi, Jake.",Za�eli bomo lepo po�asi.
"Ni problema. -Vidim, da se tega še spomniš.",Palec s prsti. �Ni problem.
"Kar mirno in poèasi, Jake. Ni napadov nestabilnosti, to je v redu.","kar po�asi. Ataksije trupa ni, to je dobro."
Obèutiš vrtoglavico ali slabost?,Se ti vrti? S prsti na nogah miga�.
Nadzor premikanja je v redu.,Distalna motorika je dobra.
Obèutiš kako odrevenelost ali boleèino?,�uti� kak�no odrevenelost ali bole�ino?
Opraviti moramo še nekaj testov premikanja in refleksov.,�e nekaj testov motorike moramo opraviti.
Zato kar poèasi.,Po�asi. �Po�akaj.
"Jake, poslušaj me.","Jake. �Sedi, Jake."
"Jake, hoèem da sedeš. -Je že v redu, dobro mi gre.","Sedi, prosim. Jake! �V redu je."
"Jake, hoèem, da sedeš. -Spravita ga nazaj na ležaj.","Jake, takoj sedi. �Spravita ga nazaj na vozi�ek."
Sesti moraš...,"Sedi, za tvojo varnost gre."
Uspavaj ga!,Umirite ga! 1000 mg supitocama! Hitro!
"To je krasno. -Daj no, uspavali te bodo.",To je nevarno. �Super je.
Sedi!,"Norm, sedi. �Re�iti se moram teh �ic."
"Daj no, nobenih sposobnosti še nimaš.",Pripelji ga nazaj!
Ni se mi treba niti truditi v obrambi. -Pozdravljena.,Daj no. Saj ne zna�. �Blizu!
Oprosti.,Jake! Oprostite.
"Jake, ne smeš tekati naokrog!",Ne smemo te�i.
Oprosti. -Pazi malo!,Je�e�. Pardon. �Pazi!
Marinec!,"Hej, marinec!"
Presneto...,Prekleto.
Grace?,"Grace? �Koga si pa pri�akoval, bumbar?"
Primi!,Pazi!
Kontrola premikanja izgleda v redu.,Motorika je dobra.
Utihnite zdaj.,"Tiho, prosim! Ugasnite lu�i."
"Dajmo Luisa, hop-hop.","Dajmo, Louise. Hitro."
"Ne igraj se s tem, oslepel boš.","Ne igraj se s tem, oslepel bo�."
To je prav èudno. -Dajmo.,�udno je.
"Ugašam luèi, vidimo se pri veèerji, mucke.",Ugasnite lu�i. Vidimo se pri ve�erji.
Dobrodošel nazaj.,Dobrodo�el.
Je vse v redu? -Dobro sem.,Si v redu? �Ja.
"Jaz sem Trudy, sem pilotka znanstvenikov.",Jaz sem Trudy. Znanstvena plovila pilotiram. Tole je moj sr�ek.
Poèakaj trenutek.,Po�akaj.
"Wainfleet, opravi že.","Wainfleet, kon�aj �e."
"Ob devetih odrinemo. -Saj delam, kapitan.","Ob 9.00 gremo. �Razumem, kapitan."
Še vedno ni pritrjen. -Težko opremo imate na krovu.,Za��ita se �e vedno maje.
"To je zato, ker nismo edini, ki letamo naokrog.","Ker nismo edini, ki letijo tam okrog."
Pa tudi najveèji ne.,Ali najve�ji.
"Potrebujem pa te na orožju ob vratih, manjka mi èlan posadke.",Prevzel bo� pu�ko pri vratih. Eden nam manjka.
"Mislil sem, da ne boš nikoli rekla.",Z veseljem.
Tega išèeš. Vidiva se na vzletni stezi.,Tamle je. Se vidiva pri hangarjih.
"Hoteli ste me videti, polkovnik?","Ste me iskali, polkovnik?"
Ta nizka težnost te oslabi.,Od �ibke gravitacije oslabi�.
Èe oslabiš,"In �e oslabi�,"
te bo Pandora ubila brez vsakega opozorila.,te Pandora brez opozorila ubije.
"Pogledal sem tvojo kartoteko, desetar.",Videl sem tvojo kartoteko.
"Venezuela, to je bilo grdo okolje.",V Venezueli je bilo grdo.
Ampak ne kot to tukaj.,Ampak ne tako kot tu.
"Imaš pa kar nekaj poguma, da si prišel v to sosešèino.","Pogumen si, da si pri�el sem."
To je samo še ena peklenska luknja. -Sam sem bil najprej izvidnik.,Samo �e ena peklenska luknja.
"Nekaj let pred teboj, morda veè kot samo nekaj let.",Nekaj let pred tabo. Ali pa ve�.
Trikrat sem bil v Nigeriji pa nisem dobil niti praske.,"Tri izmene v Nigeriji, brez praske."
Potem sem prišel sem,Ko pa sem pri�el sem �
in prvi dan sem bil kot oskuben pišèanec.,�e prvi dan. Po�util sem se kot bedak.
Lahko me naredijo zopet lepega.,Da bi bil spet lep. Ampak v�e� mi je tako.
"Vsak dan me opominja, kaj me prièakuje zunaj.","Opominja me na to, kaj je tam zunaj."
Program avatar je samo slaba šala.,Avatarski program je bedarija. Trop nesposobnih znanstvenikov.
"Vseeno pa predstavlja priložnost,",Vendar pa nudi enkratno prilo�nost.
Izvidnik v telesu avatarja.,Izvidnik v avatarskem telesu. Mo�na kombinacija.
"Tak marinec bi mi lahko priskrbel podatke s terena, ki jih potrebujem.",Tak marinec bi lahko pridobil
Naravnost iz tabora sovražnikov.,Med sovra�niki.
"Sully, hoèem, da prouèiš te divjake od znotraj,","Sully, spoznaj te divjake,"
"hoèem, da si pridobiš njihovo zaupanje.",pridobi njihovo zaupanje.
"Hoèem jih prisiliti v sodelovanje ali pa unièiti, èe ne bodo hoteli.",Prisiliti jih moramo k sodelovanju
Bom še podrejen Augustine? -Vsaj uradno.,Sem �e pri Augustinovi? �Na papirju.
"Hodil boš naokrog, kot se ji bo zahotelo,","Delaj se, kot da si eden od njih, in poro�aj."
poroèal pa boš meni.,Ampak meni.
"Lahko to narediš zame, sinko?",Bo� naredil to zame?
"Seveda, gospod.",Seveda.
Potem je v redu.,Dobro.
"Sinko, jaz poskrbim za svoje.",Jaz poskrbim za svoje ljudi.
"Priskrbi mi, kar potrebujem, pa bom poskrbel, da dobiš","�e se bo� izkazal,"
Resniène noge.,Prave noge.
"To je slišati krasno, gospod.","Zveni dobro, gospod."
Povezava pripravljena.,Link je pripravljen. �Ujemanje 40 %.
"Usta drži zaprta in pusti Norma, da bo govoril.",Govorjenje prepusti Normu.
"V redu, gremo.",Noter grem.
"Ugasni ga, nekaj èasa bomo tukaj.",Ugasni motorje. Nekaj �asa bomo ostali.
"Norm, tvoj nahrbtnik.",Norm! Oprema. �Oprema.
Ostani pri letalu.,Ostani pri ladji. En tepec s pu�ko je dovolj.
"Vi ukazujete, doktorca.",Kakor uka�ete.
"Prolemurji, niso napadalni.",Prolemurji. Niso napadalni.
"Sprosti se, marinec, delaš me živèno.",Pomiri se. �iv�no me dela�.
"Kako bodo vedeli, da smo tukaj? -Preprièana sem, da nas že opazujejo.","Kako bodo vedeli, da smo tu?"
"Naprej, Norm. -Gremo, fanta.","Naprej, Norm. �Za mano."
Zaèenjam. -Skeniram.,Takole. �Skeniram.
"Osupljivo, ali ne?","Neverjetno, kaj? �Ja."
To je prenos podatkov,To je signalna transdukcija
Glede na hitrost reakcije je verjetno elektrièno.,Po hitrosti sode� je elektri�no.
"Norm, vzorec si okužil s svojo slino.",Vzorec si kontaminiral s slino.
"Ne streljaj, samo razjezil ga boš.",Ne streljaj. Ne streljaj! Razdra�il ga bo�.
Je že jezen.,Je �e razdra�en.
"Jake, oklep ima predebel, kar zaupaj mi.",Predebel oklep ima. Verjemi mi.
"Samo svoje ozemlje brani, ne beži, ker te bo napadel.","Samo prepla�iti nas ho�e. �e bo� tekel, bo napadel."
Kaj pa naj naredim? Naj zapleševa?,Naj torej ple�em z njim?
Samo na miru bodi.,"Stoj, kjer si."
Kdo je zloben? Tako je prav.,Kdo je nevaren? Tako je.
"O tem ti govorim, prasec.","To ti govorim, prasica."
"Tako je prav, beži nazaj k mami.",Tako je. Steci nazaj k mamici.
"Nièesar nimaš, kar beži. Drugiè pripelji še kaj prijateljev.",Ni� mi ne more�. Kar teci.
"Kaj pa naj s tem? Naj bežim ali ne, kaj?",Kako je pa s tem? Naj te�em ali ne?
"Beži, vsekakor beži!",Teci! Vsekakor teci!
"Prenehati moramo, ponoèi ne smemo ostati zunaj.",Kon�ati moramo.
"Oprostite, doktorica, moral bo poèakati do jutri.",�al mi je. Po�akati bo moral to jutra.
Do jutri ne bo preživel.,Ne bo pre�ivel.
Nimam èasa celo prekleto noè.,Nimam �asa vso no�.
Pridite!,Dajmo!
"Èakaj, nikar!",�akaj! Ne!
"Vem, da me verjetno ne razumeš.","Vem, da najbr� ne razume�,"
Hvala.,ampak hvala.
To je res naredilo vtis.,To je bilo enkratno.
"Z menoj bi bilo konec, èe ne bi prišla zraven.","�e ne bi pri�la, bi bilo po meni."
"Èakaj trenutek, kam greš?",�akaj. Kam gre�?
Èakaj.,Po�akaj me!
Poèasneje.,Ustavi se malo.
"Hotel sem se ti samo zahvaliti, da si pobila te stvore...","Samo hvala bi ti rekel, ker si jih pobila."
Ne zahvaljuj se.,Mater! �Ni� hvala.
Za to se ne zahvaljuj.,Za to ne re�e� hvala.
To je žalostno.,To je �alostno. Samo zelo �alostno.
"Prav, žal mi je.",V redu. �al mi je.
"Karkoli sem že naredil, žal mi je.","Karkoli sem �e naredil, mi je �al."
"Za vse to si ti kriv, ne bi jim bilo treba umreti.",Ti si kriv. Ne bi jim bilo treba umreti.
"Jaz sem kriv? Oni so napadli mene, kako to, da sem zdaj jaz zlobnež?",Jaz sem kriv? Zakaj? Oni so napadli.
Ti si kriv! -Poèasi.,Ti si kriv!
"Si kot majhen otrok, tako glasen, ne veš, kaj bi naredil.","Kot otrok si. Hrup dela�, ne ve�, kaj bi."
"Èe imaš tako rada svoje majhne gozdne prijateljèke,","�e ima� tako rada svoje gozdne prijatelje,"
"zakaj jih nisi potem pustila, da bi me ubili?","zakaj nisi pustila, da me ubijejo?"
Kaj si mislila?,Kak�na logika je to?
Zakaj sem te rešila? -Zakaj si me rešila.,Zakaj sem te re�ila? �Ja. Zakaj si me re�ila?
Moèno srce imaš.,Mo�no srce ima�.
Niè strahu.,Ni� strahu.
"Ampak neumen, neveden kot otrok.",Ampak neumen. Neveden kot otrok.
Èe sem kot otrok,"�e sem kot otrok,"
bi me lahko morda uèila.,bi me morala podu�iti.
"Ljudje iz nebes se ne morejo uèiti, ne vidijo. -Nauèi me, kako videti.","Ljudje z neba se ne morejo nau�iti, ker ne vidijo."
Nihèe te ne more nauèiti videti.,Tega se ne da nau�iti. �Daj no.
"Daj no, se lahko pogovoriva?",Se lahko pogovoriva?
Kje si se nauèila našega jezika?,Kje si se nau�ila angle�ko? V �oli dr. Augustinove?
Kot otrok si.,Kot otro�ek si.
Potrebujem tvojo pomoè.,Tvojo pomo� rabim.
Ne bi smel biti tukaj.,Ne bi smel biti tu.
"Prav, vzemi me s seboj. -Ne, pojdi nazaj.",Pa me vzemi s sabo. �Ne. Pojdi nazaj.
Zelo èisti duhovi.,Zelo �isti duhovi.
"Pomirite se ljudje, pomirite!","Mirno, ljudje."
"Tsu'tey, kaj poèneš?","Kaj dela�, Tsu'tey?"
Ta demon ne bi smel biti tukaj.,Ti demoni ne smejo sem.
Videla sem znak.,Znamenje je bilo.
Tsahik se mora odloèiti.,Tsahik naj odlo�i.
Vzemite ga s seboj.,Pripeljite ga.
Oèe...,"O�e,"
Ta stvor... zakaj si ga pripeljala sem?,To bitje �
"Hotela sem ga ubiti, potem pa sem videla Eywin znak.","Hotela sem ga ubiti,"
"Rekel sem, da ne sme sem noben noèni popotnik.","Rekel sem,"
Nos se mi obraèa od njegovega smradu.,Poln nos njegovega vonja imam.
"Moj oèe se odloèa, èe te naj ubije ali ne.","O�e se odlo�a, ali naj te ubije."
Tvoj oèe?,"Tvoj o�e. Me veseli, gospod."
Èe je bil znak duhov potem o tem odloèam jaz.,Ogledala si bom tega tujca.
"To je moja mama, ona je Tsahik,",To je mati.
Zakaj si prišel k nam?,Zakaj si pri�el k nam? �U�it sem se pri�el.
Poskusili smo uèiti ostale ljudi z nebes.,Ljudi z neba smo poskusili u�iti.
"Težko je napolniti skodelico, ki je že polna.","Te�ko je napolniti �a�o, ki je �e polna."
"Moja je prazna, kar verjemi mi.","Moja je prazna, verjemite."
"Vprašaj dr. Augustine, jaz nisem znanstvenik.",Vpra�ajte dr. Augustinovo. Nisem znanstvenik.
Bil sem marinec.,Marinec sem bil.
Bojevnik in èlan vojnega klana.,Bojevnik iz klana marincev.
On je bojevnik? Zlahka bi ga ubil.,Bojevnik!
Ne!,Zlahka bi ga ubil. Ne!
"To je prvi bojevnik, ki smo ga sreèali med vsemi prišleki.","To je prvi bojevnik sanjehodcev,"
Moramo izvedeti veè o njem.,Bolje ga moramo spoznati.
Hèerka...,"H�erka,"
"uèila ga boš o našem življenju,",ti ga bo� u�ila na�ih navad.
da bo govoril in se obnašal kot mi.,Govoriti in hoditi kot mi.
Zakaj jaz? Ni pošteno. -Odloèila sem se!,Zakaj jaz? To ni po�teno.
Odloèeno je.,Odlo�eno je. Moja h�i te bo u�ila na�ih navad.
"Dobro se uèi, Jake Sully.","Dobro se u�i, Jakesully."
"Videli bomo, èe lahko ozdravimo tvojo norost.","Potem bomo videli, ali je tvoja blaznost ozdravljiva."
Dober veèer.,Dober ve�er.
"Prosim, ne vstajajte.",Nikar ne vstajajte.
Oprosti.,Pardon.
"Hej, kako kaj gre?",Kako gre?
Jake. -Prihaja k sebi.,Jake! �V alfa stanju je.
"Pridi nazaj, mali. Daj, tako je prav.","Vrni se, fant. Tako, ja."
Tukaj si.,Takole. V redu je.
Govoril si kot navit.,Presneto! Dr�al si se kot klop.
"Je avatar na varnem? -Ja, doktorica.",Je avatar na varnem? �Ja.
"Zadnje, kar smo videli, je bila rit tega marinca,","Videli smo samo,"
"kako izginja med grmovjem, medtem ko ga lovi laèen thanator.","kako je ta marinec izginil v grmovju, ko ga je lovil razdra�en thanator."
"To ni nekaj, èesar se lahko nauèite.",Tega se ne da nau�iti. �Super je.
"Iz vzrokov, ki jih nikakor ne razumem so te sprejeli Omaticaya.",Iz neznanega razloga
Vojni klan?,"""Klan marincev""?"
Pa je delovalo?,In uspelo je? �Skoraj �lan dru�ine sem.
"Hoèejo me prouèevati, moram se nauèiti, da bom eden izmed njih.",Preu�evali me bodo. Postal bom eden od njih.
"Temu se reèe prevzeti iniciativo, sinko. Želim si še deset takih, kot si ti.",Prevzel si pobudo.
"Poskusili smo jim dati medicino, izobrazbo,","Hoteli smo jim dati zdravila, izobrazbo, ceste �"
"Mene to ne moti, je pa tako, da so...","To me ne bi motilo, �e ne bi bili �"
Bi lahko kdo...? Sektor dvanajst.,Lahko kdo � Sektor 12.
Ustavi. To je genialno.,Stoj! Tukaj � Jezus!
Njihova presneta vas sluèajno stoji na,Njihova vas le�i na najbogatej�em najdi��u unobtanija
Kdo jih bo spravil proè? -Ugibaj.,Kdo jih bo preselil? �Ugani.
"Kaj pa, èe ne bodo hoteli proè?","In �e ne bodo hoteli iti? �Stavim, da bodo hoteli."
Delnièarji pa nekaj sovražijo še bolj kot slabe novice v poroèilih.,ampak delni�arji �e bolj kot slabo publiciteto
To je slabo poroèilo o poslovanju. Nisem si jaz izmislil pravil.,sovra�ijo slabo �etrtletno poro�ilo. Nisem jaz pisal pravil.
"Zato mi najdi korenèek, ki jih bo spravil proè.","Najdi koren�ek, ki jih bo zvabil stran."
Drugaèe bo moral on opraviti s palico. Prav?,Druga�e bo pela samo palica.
"Tri mesece èasa imaš, potem pridejo tja buldožerji.",Tri mesece ima�. Potem pridejo buldo�erji.
Torej ne izgubljajmo èasa.,�as zapravljamo.
Všeè mi je ta fant.,V�e� mi je.
"Prav, poglejmo še enkrat.",Zdaj bi � �Poglejmo jih �e enkrat.
"Moat, zmajeva gospa.",Mo'at. Zmajevka.
Eytuken. -Eytukan.,Eytucan. �Eytukan. Vodja klana.
On bo naslednji vodja klana.,Tsu'tey. �Bodo�i vodja klana.
Neytiri. -Ona bo naslednji Tsahik.,Neytiri. �Bodo�a Tsahik.
Ta dva se bosta poroèila.,Par bosta.
Kdo pa je Eywa? -Kdo je Eywa?,In Eywa? �Kdo je Eywa?
"Samo njihovo božanstvo, boginja, ki je ustvarila vsa živa bitja,","Njihova boginja, ki zaobjema vse, kar je �ivo."
"vse, kar poznajo. To bi vedel, èe bi imel vsaj malo treninga.","Vse, kar poznajo."
Kdo pa gre na zmenek s poglavarjevo hèerko?,Kdo ima zmenek s poglavarjevo h�erko?
"Gremo, v vasi zgodaj vstajajo.","Pojdimo, vas se zgodaj prebudi."
Ne naredi èesa izjemno neumnega.,Ne stori ni�esar izjemno neumnega.
Ženska je.,Pale je samica.
"Mirno, dekle.","Mirno, punca."
"To je Sa'helu, zveza.",To je tsaheylu. Vez.
Obèuti jo.,Za�uti jo.
Obèuti bitje njenega srca.,Za�uti njen utrip. Njeno dihanje.
Obèuti njene moène noge.,Njene mo�ne noge.
"Lahko ji poveš, kaj naj naredi, v glavi.","Lahko ji uka�e�, kaj naj dela."
"Zdaj ji povej, naj gre naprej.","Za zdaj ji povej, kam naj gre."
Naprej.,Naprej!
Raje pojdi proè.,"Pojdi stran. �Ne, pogre�al bi me."
"Vedel sem, da govoriš naš jezik.","Vedel sem, da zna� angle�ko."
"Èas izgubljaš z njim, še kamen bi se prej nauèil.",Ta tujec se ne bo ni�esar nau�il.
Kar poglej ga.,Poglej ga.
Še enkrat.,�e enkrat.
"Èe boste hoteli to zadevo napasti, ne bo enostavno.","�e jih boste hoteli napasti, ne bo lahko."
Vaše skeniranje ne pokaže notranje strukture.,Slika ne ka�e notranje zgradbe.
Tukaj je zunanja vrsta zelo moènih stebrov.,Imajo zunanji obro� stebrov.
V jedru je struktura v obliki spirale.,in notranji obro�. Notranja zgradba je spiralna.
Tako se premikajo gor in dol.,Za navpi�no premikanje.
Potrebovali bomo natanène podatke o vsakem stebru.,Natan�ne slike bomo potrebovali.
Kaj nam še lahko poveš o strukturi?,Kaj �e lahko pove� o zgradbi?
"Domnevam, da je ta drug obroè nosilni.","Mislim, da je drugi obro� nosilen."
kam gremo?,Kam gremo? �Pobrali se bomo.
"Ne bom dovolila, da Selfridge in Quaritch vodita celotno zadevo.","Ne dovolim, da se Selfridge in Quaritch vme�avata."
"Na položaju 26 je prenosna postaja, delamo lahko tam, visoko v planinah.","Delali bomo z mobilnim linkom na lokaciji 26,"
V planinah Aleluja?,V gorovju Aleluja?
Tako je. -Resno mislite?,Ja. �Misli� resno?
Ja. -Ja!,Ja. �To!
"Legendarne lebdeèe planine Pandore, nisi še slišal za njih?",Legendarne plavajo�e gore. Si sli�al zanje?
Blizu smo že.,Bli�amo se.
"Ja, poglej moje naprave.",Poglej moje instrumente.
Smo v energetskem vrtincu.,"Ja, v Vrtincu smo."
Zdaj smo na VFR. -Kaj je VFR?,Od tod naprej smo VFR.
"Pomeni, da moraš videti kam greš.","Da moramo videti, kje letimo."
Ampak niè se ne da videti. -Toèno tako.,Ni� se ne vidi. �Saj. A ni zoprno?
O moj bog...,Mojbog.
"Hvala, da ste leteli z družbo Pandora.","Hvala, ker ste leteli z Air Pandoro."
Dobrodošli v tabor.,Dobrodo�li v taboru.
To je moja omarica. -Ta stvar je grozna.,Torej � To je moje le�i��e. �Ogabno.
"Norm, ti boš spodaj.","Norm, ti bo� spodaj. �Prav."
Grace ni niè ušlo.,"Grace ni ni� u�lo. �Trudy, ti gre� gor."
"Vedela je, da sem govoril s polkovnikom.","Vedela je, da govorim s polkovnikom."
"Ampak jaz sem imel to, kar je potrebovala, pot nazaj v klan.",Ampak omogo�al sem ji dostop do klana.
Zato se je obnašala prijazno.,Zato je bila prijazna.
"Jake, levo.",Zavij levo. V linku na koncu bo�.
"Enota ena, Bueler.","Enota 1, Beulah. Najmanj nagaja."
Sveto sranje.,Strela jasna!
Ne glej ji v oèi.,Ne glej je v o�i.
Ko se vzpostavi Sa'helu,"Ko vzpostavi� tsaheylu,"
"Da postaneš Aron'yu, lovec","�e ho�e� postati taronyu, lovec,"
moraš izbrati svojega lastnega Ikrana in on mora izbrati tebe.,mora� izbrati svojega ikrana in on mora izbrati tebe.
Kdaj? -Ko boš pripravljen.,Kdaj? �Ko bo� pripravljen.
Ura je 21:32.,Ura je 21.32.
Res moram to narediti zdaj? Potrebujem malo poèitka.,Moram zdaj? Res se moram naspati.
"Ne, zdaj, ko še je sveže.","Zdaj, dokler je sve�e."
"Lokacija, koliba.",V redu. Lokacija: ko�a.
Te dni zaèenjajo stvari dobivati smisel.,Dnevi se zlivajo v eno.
"Ugotovil sem, da je kot razstavljanje orožja. Vse je stvar ponavljanja.",ampak podobno je razstavljanju oro�ja. Eno samo ponavljanje.
"Brez skrbi, moèneje.",Txurni'ul. Mo�nej�i.
Neytiri mi pravi scoun.,"Neytiri mi re�e skxawng, kar pomeni bebec."
Normovo obnašanje se zadnje èase popravlja.,Norm ni ve� tako sovra�en. �Vidim te.
"To ne pomeni samo, da te vidim pred seboj,","Ni samo ""vidim te pred sabo"","
"ampak, da vidim v tebe...","ampak ""Vidim vate."""
"Lepo, da zopet sodelujeva, ampak tudi on misli, da sem scoun.","Dobro je, da je z nami, ampak tudi zanj sem skxawng."
Postajam moènejši.,Stopala so se mi okrepila. Vsak dan te�em dlje.
"Moram zaupati mojemu telesu, da ve, kaj mora narediti.",Zaupati moram svojemu telesu.
Pa poskusimo.,To! Poglej.
Presneto.,Sranje.
"Vsak dan je branje sledi,",Vsak dan se u�im prepoznavati sledi pri napajali��u.
"Vedno govori o pretoku energije,",Kar naprej govori o pretoku energije in �ivalskih duhovih.
"Res upam, da to objemanje dreves ni vse.","Upam, da teh bedarij ne bo na kon�nem izpitu."
Tukaj ne gre samo za koordinacijo med oèmi in rokami.,Ne gre samo za koordinacijo o�i in rok.
"Poslušati moraš, kar ti govori.","Poslu�aj, kaj ti govori."
Poskusi videti gozd skozi njene oèi.,Poskusi videti gozd z njenimi o�mi.
"Oprosti, to je moj video dnevnik.",Dovoli�? To je moj video dnevnik.
Ob Neytiri se lahko samo hitro nauèiš ali pa umreš.,"Z Neytiri se mora� hitro u�iti, druga�e umre�."
Gotovo me zafrkavaš.,Saj ne misli� resno.
"Moat sem pregovoril, da sme Grace nazaj v vas.","Mo'at sem vpra�al, ali bi spustila Grace v vas."
Tako ste zrasli.,Kako ste veliki.
"Prviè, odkar so zaprli njeno šolo.","Prvi�, odkar so njeno �olo zaprli."
Tako ste prikupni.,Kako ste lepi.
"Ne, pa ne boš, pridi nazaj sem.",Ne bo�. Pridi nazaj.
Pridi.,"Pridi, marinec."
"Poskušam razumeti to globoko povezavo,",Posku�am dojeti njihovo
ki jo imajo ljudje z gozdom.,globoko vez z gozdom.
Govori o pretoku energije.,"Govori o mre�i energije,"
Ta teèe skozi vsa živa bitja.,ki se pretaka skozi vsa �iva bitja.
"Pravi, da je vsa energija samo sposojena.","Pravi, da je energija samo sposojena"
In nekega dne jo moramo vrniti.,in da jo mora� neko� vrniti.
"Vidim te, brat,","Vidim te,"
in se ti zahvaljujem.,in zahvaljujem se ti.
"Tvoj duh bo šel k Eywi,",Tvoj duh gre k Eywi.
tvoje telo pa bo ostalo tukaj,Tvoje telo ostaja tu
in postalo del Naroda.,in bo postalo del ljudi.
"Nauèiti se leteti na Ikranu, ki jih tukaj imenujejo Banshee,","Letenje z ikranom, mi jim re�emo furije,"
"je test, ki ga mora prestati vsak mlad lovec.","je preizkus, ki ga mora opraviti vsak mlad lovec."
"Da pa bi to naredil moraš iti tja, kjer Bansheeji živijo.","Toda treba je iti tja, kjer so furije."
Kaj pa zdaj?,Pa zdaj?
Jake Sully bo šel prvi.,Jakesully bo �el prvi.
Zdaj boš izbral svojega Ikrana.,Izberi svojega ikrana. Za�utiti ga mora�.
"Èe bo tudi on izbral tebe moraš biti hiter, kot sem ti pokazala.","�e bo tudi on za�util tebe, deluj hitro."
"Samo eno priložnost boš imel, Jake.",Samo eno prilo�nost bo� imel.
"Kako bom vedel, da je tudi on izbral mene?","Kako bom vedel, da me je izbral?"
Poskusil te bo ubiti.,Ubiti te bo hotel.
Krasno.,Enkratno.
Pa zaplešiva.,Zaple�iva.
Bedak hoèe umreti.,Ta butec bo umrl.
"Ne boj se, bojevnik!","Ne boj se, bojevnik."
Vzpostavi zvezo!,Nave�i stik.
"Sa'Helu, Jake!","Tsaheylu, Jake."
Sa'Helu!,Tsaheylu.
"Tako je prav, zdaj si moj.","Tako, ja. Moj si."
"Prvi polet zapeèati zvezo, zdaj ne smeš èakati.",Prvi polet zape�ati vez. Ne sme� �akati.
"Pomisli ""poleti""! -Poleti?","Misli, leti. �Letim naj?"
Sanje!,Sranje!
Utihni in leti naravnost!,Mol�i in leti naravnost.
Tako je prav.,Tako ja. Nagni se na levo.
Izravnaj se! Tako je prav.,Zravnaj se. Tako.
"Mala, uspelo mi je!",To! Obvladam!
"Morda res nisem bil dober s konji, ampak za to sem bil rojen.","Konji mi ne le�ijo preve�, za to pa sem rojen."
"Jaz naredim takole, ti pa tako.",Jaz sem pri�la tako. To si ti. �Ja.
"Obrnem se in obèutim veter, moèno se obrnem.",Obrnem. �utim veter. Mo�no zavijem. �Tako mo�no sem zavil �
Drevo duš.,Drevo du�.
To je njihov najsvetejši kraj.,Njihov najsvetej�i kraj.
Vidiš energetski vrtinec in te lažne barvne podobe?,Vidi� Vrtinec na teh pobarvanih slikah?
To moti moje naprave.,To moti moje instrumente.
Tam spodaj se dogaja nekaj biološko izjemno zanimivega.,Tam se dogaja nekaj biolo�ko zelo zanimivega.
Umrla bi za kak vzorec.,Vse bi dala za nekaj vzorcev.
Za prišleke je dostop strogo prepovedan.,Tujci ne smejo tja.
Res imaš sreèo.,Sre�ne�.
Bil sem ledeno hladen zraèni lovec.,Neusmiljen zra�ni lovec sem bil. Smrt od zgoraj.
"Edini problem je, da nisem edini.","Edina te�ava je, da nisi edini."
Za menoj!,Za mano!
Imenujemo ga veliki leonopteryx.,Na�i mu re�ejo veliki leonopteriks.
"To je Toruk, zadnja senca.",To je toruk. Zadnja senca.
"Seveda, saj je zadnja, kar jih kdaj vidiš.","Ja. Zadnja, ki jo vidi�."
Ded mojega deda je bil Toruk Makto.,Moj prapraded je bil toruk macto.
Na tem je jahal?,To je jezdil?
To se je zgodilo samo petkrat vse od èasov prvih pesmi.,V �asu od Prve pesmi se je zgodilo samo petkrat.
To je dolgo nazaj. -Ja.,To je zelo dolgo. �Ja.
Toruk Makto je bil mogoèen.,Toruk macto je bil mogo�en.
Združil je klane v èasu velikega žalovanja.,V �asu velike �alosti je zdru�il klane.
Ves Na'vi narod pozna to zgodbo.,Vsi Na'vi poznajo to zgodbo.
Zdaj vse izgleda obrnjeno.,"Zdaj je vse obrnjeno. Kot da je tam zunaj resni�ni svet,"
"Ne morem verjeti, da so minili samo še trije meseci.","Te�ko je verjeti, da so minili samo trije meseci."
Sploh se ne spomnim veè vsega iz svojega življenja.,Starega �ivljenja se skoraj ne spomnim ve�.
"Ne vem veè, kdo sploh sem.","Ne vem ve�, kdo sem."
"Saj se nisi izgubil v gozdovih, ali ne?",Si se izgubil v gozdu?
Tvoje zadnje poroèilo je bilo pred veè kot dvema tednoma.,�e ve� kot dva tedna nisi poro�al.
"Zaèel sem že dvomiti, da si dal odpoved.",Za�el sem dvomiti o tvoji odlo�nosti.
"Èas je, da konèamo nalogo. -Tega ne morem narediti.","Mislim, da je �as, da opravimo nalogo."
Saj si že.,Saj ti je �e.
Dal si mi dobre in uporabne podatke.,Dal si mi uporabne podatke.
Ta kraj z drevesom duš.,To drevo du� �
"S tem jih bom držal v šahu, ko se bo zaèel boj,","Ko bo postalo grdo, jih bom s tem dr�al za jajca."
in do tega bo gotovo prišlo.,In bo postalo.
"Zdaj je èas, da se vrneš.","Zdaj pa je �as, da se vrne�."
"Mimogrede, noge boš dobil nazaj.","Mimogrede,"
Ja. Imam potrditev podjetja.,Dobil sem odobritev. Dogovorjeno je.
Vedno držim svojo besedo.,Mo� beseda sem.
Konèati moram s tem.,To moram kon�ati.
Ostala je samo še ena stvar.,�e nekaj je.
Ceremonija.,"Obred. Zadnji korak, da postane� mo�."
Èe jo opravim bom eden izmed njih.,"�e to storim, bom eden od njih."
Zaupali mi bodo.,In zaupali mi bodo.
Lahko se bom pogajal o pogojih za njihovo premestitev.,Lahko se bom dogovoril o selitvi.
"Potem pa to tudi opravi, desetar.",Potem pa stori to.
"Na'vi pravijo, da se vsak rodi dvakrat.","Na'vi pravijo, da se �lovek rodi dvakrat."
"Drugiè je, ko si zaslužiš svoj prostor med ljudmi, za vedno.","Drugi� se rodi�, ko si prislu�i� prostor v ljudstvu za vedno."
Si del Naroda.,�lan ljudstva si.
Pridi.,Pridi. Pridi.
"Tukaj je kraj, kjer se poslušajo molitve.","Tu je kraj, kjer so molitve sli�ane."
In vèasih so tudi uslišane.,In v�asih usli�ane.
To drevo imenujemo,Tem drevesom re�emo Utraya Mokri.
Glasov naših prednikov.,Glasov na�ih prednikov.
Lahko jih slišim.,Sli�im jih.
"Živi so, Jake.","�ivijo, Jake,"
Svoj lok lahko narediš iz lesa domovinskega drevesa.,Lahko si naredi� lok iz lesa Doma�ega drevesa.
Lahko si tudi izbereš ženo.,In lahko si izbere� �ensko.
Veliko dobrih žensk imamo.,Veliko dobrih �ensk imamo.
Nenat je najboljša pevka.,Ninat je najbolj�a pevka.
Noèem Nenat.,No�em Ninat.
Paral je dobra lovka.,Peyral je dobra lovka.
"Ja, res je dobra lovka.",Res je dobra lovka.
Sem že izbral.,Sem �e izbral.
Ampak ta ženska mora tudi izbrati mene.,Ampak tudi ta �enska mora izbrati mene.
Saj te je že.,Te je �e.
"Zdaj sem s teboj, Jake.","Zdaj sem s tabo, Jake."
Poroèena sva za vse življenje.,Zdru�ena sva za vse �ivljenje.
"Kaj za vraga delaš, Jake?","Kaj za vraga dela�, Jake!"
"Ne pozabi na fazno integracija, srednji gumb.",Ne pozabi fazne integracije.
"Jake, nekaj moraš pojesti.",Pojej kaj. �Ja. Na.
Jake!,"Zbudi se, prosim!"
"Ne prisili me, da bom na silo hranila invalida.",No�em na silo hraniti kriplja.
"Tako, konèal sem, gremo.",Sem �e. Pojdimo.
Kdaj si se zadnjiè stuširal?,Kdaj si se nazadnje oprhal?
"Ne potrebujem tuširanja. -Jezus, marinec.",Ni se mi treba. �Jezus.
"Hej, šef.",�ef.
"Kaj? -Tukaj imam domorodca, ki oponaša zmešano kuro.",Kaj je? �Neki domorodec
"Kar naprej, se bo že umaknil.","Nadaljuj, umaknil se bo."
"Nauèiti se morajo, da se mi ne ustavljamo.","Naj spoznajo, da se ne ustavimo. Gremo!"
"Vidiš, umaknil se je.",Tako. Umaknil se je.
Jake! -Neytiri!,Jake! �Neytiri!
"Zamrzni, zdaj.",Ustavi tule.
Poveèaj in izostri.,Pove�aj.
Pasji sin.,Mater vola.
"Poklièite mi pilota. -Ja, gospod.",Pokli�i pilota. �Takoj.
Tsu'Tey bo vodil naše bojevnike.,Tsu'tey bo vodil bojno odpravo.
"Prosim, nehajte!","Po�akajte, prosim!"
Vse skupaj boste samo še poslabšali.,Samo �e slab�e bo.
Tukaj nimaš pravice govoriti!,Tu nima� pravice govoriti.
Udarili jih bomo naravnost v srce!,Udarili jih bomo v srce.
Tsu'Tey! Ne delaj tega!,"Tsu'tey, nikar."
"Ti! -Poslušaj, brat...",Ti! �Brat.
Spala si z zemljanom! -Sranje.,Si se zdru�il s to �ensko? �Sranje.
"Poroèila sva se pred Eywo, konèano je.",Zdru�ena sva pred Eywo. Storjeno je.
"Brat, prosim, ne napadajte ljudi iz nebes.","Brat,"
Pa tudi tvoj sovražnik nisem!,Nisem tvoj sovra�nik.
Sovražniki so tam zunaj! In zelo moèni so!,Sovra�nik je tam zunaj in zelo mo�an je.
Lahko govorim z njimi. -Konec je s pogovori!,Lahko govorim z njimi. �Dovolj govorjenja.
"Omaticaya sem, sem eden izmed vas.",Omaticaya sem. Eden od vas sem.
Pravico imam govoriti.,In pravico imam govoriti.
"In nekaj vam moram povedati,",Nekaj bi rad povedal
vam vsem.,vsem vam.
"Zaradi tega, kar moram povedati mi bo okamenelo srce.",Besede so kot kamni v mojem srcu.
"Gospod, oprostite.","�al mi je. Ne, ne!"
Ne smete pretrgati vzpostavljene povezave.,Ne smete prekiniti linka!
To je zelo nevarno!,Zelo nevarno je.
"Èakajte! -Umirite se, gospod.",Po�akajte! �Umaknite se.
Sem so me poslali...,Sem so me poslali �
Ste zdaj videli?,Vidite?
To je samo še en tujec v lažnem telesu!,Demon v la�nem telesu.
Se vam je èisto zmešalo? -Ti si prestopil mejo.,Ste zme�ani? �Prestopil si mejo.
Odpeljite ta kos mesa proè.,Odpeljite ga.
Jake! Kaj za vraga se dogaja?,Jake! Kaj se dogaja?
"Sinko, izdal si me.",Razo�aral si me.
Pa kaj!,"Kako torej,"
Našel si domaèinko,"si na�el doma�inko in pozabil,"
"in pozabil, za katero ekipo igraš?",za katero ekipo igra�?
"Parker, še je èas, da rešimo položaj...",�e lahko re�imo polo�aj.
Zapri gobec!,Parker � �Utihni!
"Ali pa kaj, vojak Rick?","Kaj pa bo�, kavboj? Me bo� ustrelil?"
"Lahko to, prosim, rešimo kot odrasli?",Se lahko malo pomirimo?
"Praviš, da bi rad obdržal svoje ljudi žive?",Bi radi ohranili svoje ljudi �ive?
"Zaèni tako, da jo poslušaš.",Za za�etek jo poslu�ajte.
"Ta drevesa so bila za Omaticaye sveta,",Tista drevesa so bila za Omaticaye sveta.
"na naèin, ki si ga ne moreš predstavljati.","Bolj, kot si mislite. �Veste kaj?"
Èe tukaj vržeš v zrak palico,"Kamorkoli tu vr�e� palico,"
bo gotovo pristala na kašnem svetem listu.,"pade na kak�no sveto praprot,"
"o neèem, kar je mogoèe izmeriti v biologiji gozda.",izmerljivega v gozdu.
In kaj natanèno je to?,In kaj je to?
"Zaenkrat za gotovo vemo, da obstaja neke vrste","Mislim,"
Vsako drevo ima deset do štirideset povezav do okoliških dreves.,Vsako drevo ima deset na �etrto povezav z drevesi okrog sebe.
Na Pandori je deset na dvanajsto potenco dreves.,Tu je deset na dvanajsto dreves.
"Domnevam, da je to veliko?",Kar je verjetno veliko.
To je veè povezav kot v èloveških možganih.,To je ve� povezav kot v �love�kih mo�ganih.
Razumeš? To je omrežje.,Razumete? To je mre�a.
To je globalno omrežje in Na'vi imajo dostop do njega.,Globalna mre�a. In Na'vi se lahko pove�ejo z njo.
Podatke lahko nanj nalagajo in sprejemajo.,"Lahko prena�ajo podatke, spomine."
Kaj za vraga ste vi ljudje tam zunaj kadili?,Kaj ste pa kadili tam zunaj?
To je samo prekleto drevje.,Samo drevesa so!
"Èas je, da se zbudiš, Parker. -Ne, vi se morate zbuditi.","Zbudi se, Parker. �Ti se zbudi."
"Bogastvo tega sveta ni v zemlji, paè pa vsepovsod okrog nas.","Bogastvo tega sveta ni v tleh, ampak vse okrog nas."
"Na'vi se tega zavedajo in borili se bodo, da to obranijo.","Na'vi to vedo, zato ga branijo."
Èe hoèete ta svet deliti z njimi jih morate razumeti.,"�e ho�ete deliti ta svet z njimi, jih morate razumeti."
"Mislim, da jih zahvaljujoè Jaku dovolj dobro razumemo.",�isto dobro jih razumemo. Po Jakovi zaslugi.
"Doktorica, pridite in poglejte.","Dohtarica, pridi pogledat."
Nikoli se ne bodo odrekli domu.,Ne bodo se odpovedali svojemu domu.
Ne bodo sklepali kupèij.,Ne bodo se pogodili.
"Za kaj, za brezalkoholno pivo?",Za kaj? Za pivo?
"Nimamo nièesar, kar bi oni hoteli.","Ni� takega nimamo, kar bi jih mikalo."
"Vse, za kar so me poslali sem, je bila izguba èasa.","Kar delam tu, je zapravljanje �asa."
Nikoli ne bodo zapustili domovinskega drevesa.,Nikoli ne bodo zapustili Doma�ega drevesa.
Opravil bom z kar najmanj žrtvami med domaèini.,Opravil bom s �im manj �rtvami med domorodci.
Najprej jih bom izgnal s plinom.,Najprej jih bom pregnal s plinom.
To bo èloveško.,Humano bo.
"Prav, pritisnimo sprožilec.","V redu, za�nimo."
Tako to poteka.,Tako se to dela.
"Ko ljudje sedijo na tem, kar hoèeš imeti,","�e nekdo sedi na ne�em, kar ho�e�,"
"jih narediš za sovražnike, tako opravièiš to, kar si prisvojiš.",ga naredi� za sovra�nika. In potem mu ima� pravico tisto vzeti.
Quatrich se spravlja v bojna letala.,Quaritch je poslal plovila. Napadel bo Doma�e drevo.
"Dr. Augustine, ne smete sem!","Dr. Augustine, ne smete sem. �Umakni se!"
"Parker! Èakaj, ustavi.","Parker. �akaj. Ti ljudje, ki jih namerava� �"
"To so navadni divjaki, ki živijo na drevesu.","Ne, ne. �Umakni se!"
Poglejte naokrog.,Poglej okrog sebe.
"Ne vem, kaj je z vami, ampak jaz vidim veliko dreves.",Veliko dreves vidim. Lahko se preselijo.
Bi se lahko vidva... -Tam so družine.,Bi lahko � �Ja.
"Verjemi mi, da noèeš krvi otrok na svojih rokah.","Tega no�ete imeti na vesti, verjemite."
Naj jih poskusim pregovoriti.,"Dovolite mi, da jih prepri�am."
"Kalibrirajte naprave, gremo noter.",Hitro umeri. Noter greva.
"Poslušaj me, uro èasa imate.",Poslu�aj. Eno uro �asa ima�.
Èe noèeš svojega dekleta tam notri ko padejo sekire,"�e no�e�, da je tvoja punca tam, ko bomo napadli,"
jih preprièaj v umik. V eni uri.,naj se izselijo. Ena ura.
Oèe! Mati!,O�e!
Poslušajte ga.,Poslu�ajte!
"Govori, Jake Sully.","Govori, Jakesully."
Veliko zlo prihaja nad nas...,Veliko zlo nam grozi.
"Ljudje iz nebes prihajajo sem,","Ljudje z neba bodo pri�li,"
da bi unièili naš dom.,da bi uni�ili Doma�e drevo.
"Povejte jim, da bodo kmalu tukaj.","Povej jim, da bodo kmalu tu."
"Morate oditi, drugaèe boste vsi umrli.","Oditi morate, druga�e boste umrli."
Si preprièan v to?,Si prepri�an?
"Sem so me poslali,","Sem so me poslali, da bi vas spoznal"
Da bi vam lahko nekega dne predal to sporoèilo in da bi mi vi verjeli.,in da bi vam neko� lahko predal to sporo�ilo.
"Kaj praviš, Jake?","Kaj ho�e� re�i? Si vedel, da se bo to zgodilo?"
Najprej sem samo poslušal ukaze.,Sprva sem samo ubogal ukaz.
Potem pa se je vse spremenilo.,Nato pa se je vse spremenilo.
Zaljubil sem se v gozd.,"Zaljubil sem se v gozd, v ljudstvo Omaticaya"
V tebe.,in vate.
"Zaupala sem ti. -Zaupaj mi še zdaj, prosim.",Zaupala sem ti. �Vate.
Nikoli ne boš èlan Naroda!,Nikoli ne bo� eden od nas!
Poskusil jih je ustaviti!,Ne bi smel � �Posku�ali smo jih ustaviti!
Zvežite ju.,Zve�ite ju.
Ne delajte tega!,Zbe�ite!
"Proè morate, prihajajo!",Morate stran. Prihajajo!
Zbežite v gozd! -Prihajajo!,Zbe�ite v gozd! �Prihajajo!
Hoèejo unièiti ta kraj.,"Ta kraj bodo uni�ili. �Neytiri, morate oditi."
Pojdite v gozd! Bežite!,Be�ite v gozd! Be�ite!
Bežite!,Be�ite!
Ne bojte se!,Ne bojte se.
"Prekleto, bežite!","Ne! Be�ite, prekleto!"
Zajahajte Ikrane in napadite z neba.,"Vzemi ikrana,"
To pa je res prekleto veliko drevo.,Ogromno drevo.
"Glej, glej.","Glej, glej. Ka�e, da je diplomaciji spodletelo."
"V redu, ljudje, pa opravimo.","Opravimo to, ljudje."
"Hoèem, da gre vsak naboj plina naravnost skozi glavna vrata.",Po�lji plinske naboje skozi glavna vrata.
"Razumem, CS-40 je pripravljen.",Razumem. CS�40 so pripravljeni.
Ogenj. -Streljam.,Streljaj. �Streljam.
"Zadetek. Dobro ciljaš, mojster.",Zadetek. Zelo dobro.
"Gospod, streljajo na nas.",Za�eli so streljati.
Ne zafrkavajte me.,Saj to ni res!
Ti bedaki niso razumeli sporoèila.,Ti butci ne dojamejo sporo�ila.
"Malo jim podkurimo, vkljuèite rakete.",Zaostrimo napad.
Ogenj.,Ogenj!
Vsi se umaknite v gozd!,Vsi v gozd.
Tako se znebiš šèurkov.,Tako se pre�ene ��urke.
"Proè morava, razstrelil bo stebre!","Stran morava, uni�il bo stolpe."
"Moat, ne!","Mo'at! Ne! ��e si eden od nas,"
"Vse enote, vkljuèite rakete.","Vse enote, vklopite izstrelke."
Namerite na osnovo zahodnih stebrov.,Mo�no razstrelivo k vzno�ju zahodnih stebrov.
"Ja, mala, tu imaš!",Trojka pripravljena. �Tu imate.
Podrite ga.,Podrite ga! �Izstrelite izstrelke.
"Pridi, Grace, hitro!","Dajmo, Grace!"
Na tla!,Glavo dol!
Odjebi.,Jebe� to.
Kaj za vraga delaš?,Kaj dela�?
Nisem podpisala za tako sranje!,Nisem se prijavila za to.
Gremo!,"Gremo, gremo!"
"Dobro opravljeno, ljudje.",Dobro ste opravili. Nocoj prvo rundo pla�am jaz.
Oèe!,O�e!
Hèi...,"H�erka,"
Zašèiti naš narod.,Obrani ljudstvo.
Žal mi je.,�al mi je. �Pojdi stran.
Pojdi proè!,Stran!
Pojdi proè!,Poberi se!
Nikoli se ne vraèaj!,Nikoli se ne vrni!
Izkljuèite.,Izklju�i elektriko.
Tega ne smete!,"Ne, tega ne smete! �Tega ne smete!"
"Bil sem bojevnik, ki je sanjal, da bo prinesel mir.","Bil sem bojevnik, ki je mislil, da lahko prinese mir."
"A prej ali pozneje,",Toda prej ali slej se je treba zbuditi.
Pošasti!,Morilec.
"Kako kaj gre, dolgo se že nisva videla.",Kaj se dogaja? Dolgo se nisva videla.
"Osebno menim, da si ti izdajalski ljubitelji drevja ne zaslužijo zrezkov.",Po mojem si ti izdajalci ne zaslu�ijo zrezka.
"Dobili so zrezke? Zajebavaš, daj da vidim.",Zrezek dobijo? Ne verjamem. Poka�i.
"Veš, kaj je to. Na tla.","Ve�, kaj to pomeni. Na tla."
"Trudy, moj bog...",Trudy! ��isto na tla.
"Trudy, zaženi letalo.","Trudy, v�gi ladjo. Gremo!"
Drži.,Izvoli.
"Prosto je, pridite.",Varno je. Pridi. �Izvoli.
"Max, ostani tukaj.","Max, ostani tu. Potrebujem nekoga, ki mu zaupam."
"Prav, pojdi.",Prav. Pojdite.
Vse prosto.,Lahko.
"Daj, mala.",Dajmo.
"Polkovnik, nekaj se dogaja.",Polkovnik? Te�ave imamo.
Nedovoljen zagon motorjev.,Samson 16. Nepoobla��en v�ig.
Gremo!,Dajmo!
Nadenite si maske!,Maske gor.
"Streljajo na nas, gremo!",Streljajo na nas. Gremo!
Sranje.,Sranje. �Ste vsi celi?
"Norm, si v redu? -Ja.","Norm, si v redu? �Ja."
Grace so zadeli. -Kaj?,Grace je ranjena. �Kaj?
"Drži se, Grace. -Ni pomembno.","Dr�i se, Grace. �Saj je v redu. V redu je."
Smo pripravljeni? -Dvigni ga.,Lahko gremo. �Dvigni ga.
Drži se.,"Dr�ite se, vzleteli bomo."
Prosto je!,V redu je.
"Pojdi na sever, globoko v planine.","Na sever, globoko v gore."
"Norm, si v redu tam zgoraj?","Norm, si v redu? �Ja, �e sem tu."
Tukaj nam vsaj ne morejo slediti.,Tako globoko v Vrtincu nas ne morejo izslediti.
"Najmoènejši je ob drevesu duš, ali ne?","Pri Drevesu du� je najmo�nej�i, ne?"
Ja. -Dobro.,Ja.
"Zato, ker gremo toèno tja.",Tja bomo �li.
Res si prava cmera.,Dojen�ek.
Se premikamo?,Premikamo se.
"Poiskal ti bom pomoè, Grace.",Pomo� ti bom poiskal.
"Znanstvenica sem, še se spomniš?",Znanstvenica sem.
"Narod ti bo pomagal, preprièan sem v to.",Ljudstvo ti lahko pomaga.
Zakaj bi nam hoteli pomagati?,Zakaj bi nam pomagali?
"Narod pravi, da bo Eywa poskrbela za nas.","Ljudstvo pravi, da bo Eywa pomagala."
Ampak brez doma in upanja,"Ko so ostali brez doma in upanja,"
so lahko šli samo na en kraj.,so se lahko zatekli le na en kraj.
"Povezava deluje, kakšen naèrt imaš, Jake?",Link je vklju�en.
Tsu'Tey je zdaj šef tam.,Tsu'tey je zdaj Olo'eyktan. Ne bo te spustil tja.
Vkljuèujem.,Spro�am.
"Odpadnik,",Izob�enec.
"izdajalec,",Izdajalec.
Potreboval sem njihovo pomoè,"Potreboval sem njihovo pomo�, oni pa mojo."
"Da pa bi jim lahko zopet stopil pred oèi,","�e sem jim hotel �e kdaj stopiti pred o�i,"
bom moral zadevo dvigniti na èisto nov nivo.,sem moral storiti nekaj velikega.
Vèasih se nam celotno življenje obrne v eni sami nori potezi.,V�asih se �ivljenje strne v eno samo noro potezo.
In ne bo ti všeè.,Ne bo ti v�e�.
"Po tem, kar sem vedel je Turok najhujša zver na nebu.",Toruk je bil najmo�nej�i na nebu.
Njega nihèe ne napade.,Nih�e mu ni ni� mogel.
"Mirno, fant.",Mirno.
Zakaj bi torej kdaj pogledal gor?,Zakaj bi se torej oziral gor?
To je bila samo teorija.,Ampak to je bila le teorija.
Za moj narod.,Za svoje ljudstvo.
Sedaj pa me ni veè strah.,Zdaj se ne ve�.
"Tsu'Tey, sin Ateya,","Tsu'tey, Ateyev sin,"
"pred teboj stojim,","pred tabo stojim,"
da poskusim rešiti narod Omaticaya.,pripravljen slu�iti ljudstvu Omaticaya.
Ti si njihov vodja.,Olo'eyktan si in velik bojevnik.
Toruk Makto.,"Toruk Macto,"
Letel bom s teboj.,letel bom s tabo.
Prosim za pomoè Eywe.,Prosim za Eywino pomo�.
Vzorec potrebujem.,Vzorce moram vzeti.
"Velika mati se lahko odloèi, da prenese vse, kar ona je","Velika mati lahko re�i vse, kar je"
v to telo.,v tem telesu.
Je to mogoèe?,Je to mogo�e?
Mora skozi oko Eywe in se potem vrniti.,Iti mora skozi Eywino oko in se vrniti.
"Ampak, Jake Sully","Ampak, Jakesully,"
zelo slabotna je.,zelo �ibka je.
"Drži se, Grace, pomagali ti bodo.","Dr�i se, Grace. Ozdravili te bodo."
"Poslušaj nas, vsemogoèna mati. Prosimo te za pomoè.","Usli�i nas, mati vsega."
"Eywa, pomagaj ji.","Eywa, vir vse energije."
Sprejmi vase ta duh...,Vzemi ta duh vase
in jo obudi nazaj.,in ga dahni nazaj med nas.
Naj hodi zopet z nami...,Naj spet hodi med nami
kot ena izmed Naroda.,kot ena od nas.
Jake...,Jake.
"Z njo sem, Jake.","Pri njej sem, Jake."
Resnièna je.,Resni�na je.
Grace! Grace!,Grace!
Je delovalo?,Je uspelo?
Njene rane so bile prehude.,Rane so bile prehude. Premalo �asa je bilo.
Zdaj je z Eywo.,Zdaj je pri Eywi.
S tvojim dovoljenjem bi zdaj spregovoril.,"�e dovoli�, bi rad nekaj povedal."
"Bilo bi mi v èast, èe boš prevajal.","V �ast mi bo, �e bo� prevajal."
"Ljudje iz nebes so nam poslali sporoèilo,","Ljudje z neba so nam sporo�ili,"
"da si lahko vzamejo vse, kar si želijo.","da lahko vzamejo, kar ho�ejo,"
In da jih nihèe ne more ustaviti.,in da jih ne more nih�e ustaviti.
Ampak mi bomo poslali sporoèilo njim.,Tudi mi bomo njim poslali sporo�ilo.
"Poletite naokrog tako hitro, kot vas bo veter lahko nesel.","Pojezdite hitro, kolikor vas veter nese."
"Povejte drugim klanom, naj pridejo sem.",Pokli�ite �e druge klane.
"Povejte jim, da jih klièe Turok Makto.","Recite jim, da jih kli�e Toruk Macto."
Poletite zdaj!,Poletite z mano!
"Moji bratje, sestre,",Moji bratje! Sestre!
"pokazali bomo ljudem z nebes,","Ljudem z neba bomo pokazali,"
"da si ne morejo vzeti vsega, kar si želijo!","da ne morejo vzeti, kar ho�ejo,"
In da je to naša dežela!,in da je to
"Odjahali smo na vse štiri strani sveta,",Pojezdili smo na vse �tiri smeri neba.
"do klana konjenikov na velikih ravninah,",H konjskemu klanu na planjavo �
Ko jih je poklical Turok Makto so prišli.,"Ko jih je Toruk Macto poklical, so pri�li."
"Dejstvo je, da se vsi na tej bazi borimo za preživetje.",Vsi v tem opori��u
Tam zunaj se zbira krdelo domorodcev za napad.,To je dejstvo.
Orbitalni posnetki kažejo,"Orbitalne slike ka�ejo,"
da se je število sovražnikov poveèalo od nekaj sto,da je njihovo �tevilo z nekaj sto
do precej veè kot dva tisoè v samo enem dnevu.,v enem dnevu naraslo na ve� kot dva tiso�.
In še veè jih prihaja.,In �e ve� jih prihaja.
V enem tednu jih je lahko veè kot dvajset tisoè.,V enem tednu jih je lahko 20.000.
"Takrat jih bo dovolj, da prebijejo našo obrambo.",Takrat nas lahko preplavijo.
To se ne sme zgoditi.,Ampak to se ne bo zgodilo.
"Varni smo lahko samo, èe napademo prvi.",Zavarovali se bomo s preventivnim napadom.
Proti sili se bomo borili s silo.,S terorjem proti terorju.
"Sovražniki verjamejo, da njihovo planinsko utrdbo varuje","Sovra�niki verjamejo, da njihovo gorsko opori��e"
"In ko jo unièimo,","Ko ga bomo uni�ili,"
"bomo v njihov spomin naredili tak krater,","bomo naredili tako veliko luknjo v njihovem kolektivnem spominu,"
da se ne bodo približali na manj kot tisoè kilometrov,da se temu kraju ne bodo ve� pribli�ali.
In tudi to bo postalo dejstvo.,In tudi to je dejstvo.
"Jake, tu je norišnica.",Tu je noro. Splo�na mobilizacija. Raketoplan predelujejo v bombnik.
Naložili so cele palete rudarskega razstreliva,Imajo velike palete razstreliva.
za neko vrsto zastraševalne naloge.,Za silovito bombardiranje.
Prekleti prasci.,Daisy cutterje.
"Quaritch je prevzel poveljstvo, podivjal je in ne bo se ustavil.",Quaritch je prevzel vodstvo. Ni� ga ne bo ustavilo.
Kdaj? -Zjutraj ob šestih.,Kdaj? �Jutri ob 6.00.
Moram prekiniti.,Max! �Nehati moram.
Najebali smo.,Nasankali smo.
"Upala sem na nek taktièni naèrt, ki ne vkljuèuje muèeništva.","Upala sem na takti�ni plan,"
Proti letalom se bomo borili z loki in pušèicami.,Proti bojnim ladjam se bomo borili z loki in pu��icami.
Tam zunaj imam petnajst klanov.,Zbralo se je 15 klanov.
Veè kot dva tisoè bojevnikov.,Ve� kot 2000 bojevnikov.
"Poznamo te planine, leteli smo med njimi, tudi ti si.",Te gore poznamo. Letimo med njimi. Ti tudi. Oni pa ne.
"Njihove naprave tukaj ne delujejo, usmerjanje raket ne deluje.",Njihovi instrumenti tu ne bodo delali. Sledilne naprave tudi ne.
"Streljali bodo lahko samo na to, kar vidijo.",Zana�ati se bodo morali na vid.
"Èe se pridejo borit k nam,",Prednost doma�ega igri��a imamo.
"Saj veš, da bo bombnik poslal naravnost na drevo duš.",Bombnik bo poslal nad Drevo du�.
Vem.,"Ja, vem."
"Èe pridejo do njega, je konec.","�e pridejo do Drevesa du�, je konec."
"To je njihova direktna povezava z Eywo, z njihovimi predniki.",Neposredna povezava z Eywo je.
To jih bo unièilo.,Uni�ilo bi jih.
Potem pa jih raje ustavimo.,Torej ga moramo ustaviti.
Verjetno se zdaj pogovarjam samo z drevesom.,Verjetno se pogovarjam z drevesom.
"Èe pa si tam,","Ampak �e si tu, bi te rad opozoril."
"Èe je Grace s teboj,","�e je Grace s tabo, poglej v njene spomine."
Poglej svet s katerega prihajamo.,"Poglej svet, od koder prihajamo."
Tam ni nièesar zelenega.,Tam ni zelenja.
Ubili so lastno mati.,Ubili so svojo mater.
Enako bodo naredili tukaj.,In tu bodo storili isto.
Še veè ljudi bo prišlo iz nebes.,�e ve� ljudi z neba bo pri�lo.
"Prihajalo bodo kot dež, ki ga ni nikoli konec.","Pri�li bodo kot de�, ki ga ni nikoli konec."
"Razen, èe jih zdaj ustavimo.",Razen �e jih ustavimo.
Uprl se bom in se boril.,Uprl in boril se bom.
"Dobro veš, da se bom res.","Ve�, da se bom."
Potreboval pa bi malo pomoèi.,Vendar potrebujem pomo�.
Naša Velika mati se ne odloèa za nobeno stran.,"Na�a Velika mati ne izbira strani, Jake."
Varuje samo ravnotežje življenja.,Ohranja samo ravnote�je �ivljenja.
Splaèalo se je poskusiti.,Spla�alo se je poskusiti.
"Govori vodja skupine, vstopamo v energetski vrtinec.",Tu vodja skupine. Vstopamo v Vrtinec.
Preklopite na roèno upravljanje.,Preklopite na ro�no upravljanje. �Razumem. Ro�no upravljanje.
Govori oèe zmaj.,Tu glavni.
"Hoèem, da odprava poteka brez napak. Za veèerjo hoèem biti doma.","Izpeljite to ostro in odlo�no, da bom do ve�erje doma."
"Oklepniki, gremo.","Ekipa, gremo. �Prinesimo jim bole�ino."
"Odprite oèi, preverjajte vse pred vami.","Glejte, kaj je zgoraj. In opazujte termalne naprave."
"Vse enote, oèka prevzema poveljstvo.",Glavni napreduje proti tar�i.
"Spremstvo, bodite v bližini mojega letala.","Spremljevalci, ostanite pri raketoplanu."
Tukaj nam bodo oskubili malo barve.,Malce ga bomo opraskali.
"Strelne posadke, dobro odprite oèi.","Strelci, glejte na vse strani."
"Ne delajte napak, ljudje, gotovo so nekje tukaj.","Verjemite, da so tam."
"V redu, tarèa na vidiku. Oddaljenost štiri kilometre.",Tar�o vidim. Razdalja: 4 km.
"Valkira 16, pripravite svoj tovor.","Valkira 1�6, pripravi svoj tovor."
Razumem. -Naložimo tovor.,"Pripravi se, da ga odvr�e�. �Narednik, pripravi oro�je."
Porinimo ga k rampi!,Spravi ga k rampi!
Ostanite na svojem mestu.,"Charlie 21, nekaj se premika."
"Gospod, na tleh so opazili premike.",Na tleh se nekaj premika. Hitro se bli�a.
"Lahko oèistite sliko? -Ne, gospod, zaradi vrtinca.","Ne more� izostriti? �Ne, zaradi Vrtinca."
"Brat, naredil nam bom prehod, sledi mi skozi njega.","Brat, prebil se bom. Za mano!"
"Vse letala, odprite ogenj.","Vsa letala, streljajte! Streljajte!"
"Zavij desno, obrnimo se.",Na desno! Obrnite.
"Zapustite formacijo, napadite sovražnike.","Razbijte formacijo, uni�ite sovra�nika."
"Škorpijoni, zasledujte jih in jih unièite.","�korpijoni, zasledujte in uni�ite."
"Jake, Jake, me slišiš?","Jake, me sli�i�?"
Umikamo se! Potolkli so nas!,Umikamo se. Grdo tol�ejo po nas.
"Razumem, umaknite se.",Razumem. Umaknite se.
"To je on, za njim!",To je on. Za njim!
Unièite ga!,Uni�ite ga!
Posvetite ji.,Razstrelite jo!
"Niste edini z orožjem, prasci.","Nima� samo ti oro�ja, prasica."
Ne izgubite je iz oèi!,Ne spustite je z o�i. ��istimo.
Tako je prav!,Tako!
Odpadnica ena je zadeta. Padam!,Rogue 1 je zadet. Nazaj grem.
"Žal mi je, Jake.","�al mi je, Jake."
Ogenj!,Streljaj.
"Tsu'Tey, brat, me slišiš?","Tsu'tey! Brat, me sli�i�?"
"Odpadnica ena, me slišiš?","Rogue 1, me sli�i�?"
Trudy?,Trudy!
"Do tarèe še dve minuti. -Valkira 16, lahko napadete.",�as do tar�e: 2 minuti.
"Razumem, zmaj, zaèenjamo bombardiranje.",Razumem. Za�el bom odmetavati bombe.
Odvrzite številko ena!,Pripravi prvo po�iljko. �Prva po�iljka pripravljena.
Jake!,Ma Jake!
Slišim te.,Sli�im te.
Neytiri.,Neytiri! �Seze je mrtev.
"Si slišala, Neytiri?","Me sli�i�, Neytiri?"
"Umakni se, beži proè! To je ukaz!",Umakni se. Pojdi stran! To je ukaz!
Opažam premikanje.,Premikanje vidim.
Ostanite na položaju.,Ostanite na polo�ajih. Nekaj se bli�a.
Nekaj prihaja.,"Bravo 11, nekaj velikega na zaslonih."
"Opažam premike, oddaljenost 200 metrov.","Gibanje, 200 metrov. �Ostanite v formaciji."
Pripravite se.,Bodite pripravljeni. �Pazite boke.
Bežimo proè!,Stran moramo!
Umaknite se!,"Umik, umik! �Gremo!"
Jake!,"Jake, Eywa te je sli�ala."
Eywa te je slišala!,Eywa te je sli�ala!
"Gospod, vse spremljevalne enote so unièene ali pa se umikajo.",Vsi spremljevalci so uni�eni ali se umikajo.
Opravimo že s tem.,"Opravimo to. Valkira 1�6, tu dragon."
"Na moj znak. Dva, ena, zdaj.","Na moj znak. Dve, ena, zdaj."
Odvrzi!,"Odvrzi, odvrzi! Dajmo!"
To je Sully!,Sully je.
Nataknite si maske! -Izgubljamo zrak!,Maska! �Spro�i alarm!
Pridi k oèku.,Pridita k o�ku.
"Predaj se, Quaritch.","Odnehaj, Quaritch!"
Ni konec dokler še diham.,"Dokler diham, ni konec."
"Na nek naèin sem kar upal, da boš to rekel.","Upal sem, da bo� to rekel."
Pridi!,Dajmo!
"Sully, kakšen je obèutek ko izdaš lastno raso?","Hej, Sully, kako je, �e izda� lastno raso?"
"Misliš, da si eden izmed njih?","Misli�, da si eden od njih?"
"Èas je, da se zbudiš.",Prebudi se.
Jake!,Jake?
Jake...,Jake?
Vidim te.,Tudi jaz tebe.
Tujci so odšli nazaj na svoj umirajoèi svet.,Tujci so se vrnili na svoj umirajo�i planet.
"Le redke smo izbrali, da lahko ostanejo.",Samo pe��ica jih je lahko ostala.
Èas velikega žalovanja se je konèal.,�as velike �alosti je bil pri koncu.
Toruk Makto ni veè bil potreben.,Toruk Macta niso ve� potrebovali.
Karkoli se bo nocoj zgodilo...,"Karkoli se bo �e zgodilo nocoj, kakorkoli se bo izteklo,"
ne bom se veè vrnil na ta kraj.,nazaj sem me ne bo ve�.
"Èas bo, da grem.",Zdaj pa moram iti.
Ne bi rad zamudil na lastno zabavo.,No�em zamuditi na svojo zabavo.
Navsezadnje je to moj rojstni dan.,Navsezadnje je moj rojstni dan.
Jake Sully konèuje.,Jake Sully kon�uje poro�ilo.
Prevod: BorisP Priredba: HoneyBee,Slovenian
