sentence1;sentence2
 Ko sem ležal v VI bolnišnici, sem bil pred veliko luknjo mojega življenja.; Ko sem ležal v veteranski bolnišnici z veliko praznino v svojem življenju, sem začel sanjati o letenju.
 Začel sem sanjati, kako letim.; Ko sem ležal v veteranski bolnišnici z veliko praznino v svojem življenju, sem začel sanjati o letenju.
 Bil sem svoboden.; Bil sem svoboden.
 Prej ali slej, na koncu se vedno zbudiš.; Toda prej ali slej se moraš zbuditi.
 V kriogenski komori ne sanjaš ničesar.; V kriospanju sploh ne sanjaš.
 Ne občutiš, da je minilo šest let.; Ne zdi se kot šest let.
 Podobno je, kot da bi se napil tekile.; Podobno je, kot da bi se napil tekile.
 Tommy je bil znanstvenik, ne pa jaz.; Tommy je bil znanstvenik, ne jaz.
 On je bil ta, ki je hotel potovati svetlobna leta daleč, da bi našel odgovore.; On je hotel potovati v vesolje in najti odgovore.
 Smo že prispeli?; Smo že tam?
 Ja, tukaj smo, sonček.; Smo, sonček.
 Za tvojega brata gre.; Za vašega brata gre.
 Teden dni, preden bi Tommy moral na ladjo je tip s pištolo končal njegovo potovanje.; Teden dni pred odhodom je Tommyja nekdo ustavil zaradi papirja v denarnici.
 Zaradi papirja v njegovi denarnici.; Zaradi papirja v njegovi denarnici.
 V krio komori ste bili pet let, devet mesecev in 22 dni.; V kriu ste bili 5 let, 9 mesecev in 22 dni.
 Lačni boste in slabotni.; Lačni in šibki boste.
 Če vam bo slabo...; Če vam bo slabo...
 Tommy je bil znanstvenik.; Ja, Tommy je bil znanstvenik.
 Jaz sem samo še en bedak, ki gre nekam, kjer bo to obžaloval.; Jaz sem samo pešak, ki gre nekam, kamor si ne želi.
 Pred nami je Pandora.; Pred nami je bila Pandora.
 Ko sem odraščal, sem slišal o njej.; Slišal sem o njej, nisem pa si mislil, da bom šel tja.
 Nisem pa si mislil, da bom kdaj šel tja.; Slišal sem o njej, nisem pa si mislil, da bom šel tja.
 V tvojega brata smo veliko investirali.; V tvojega brata smo veliko investirali.
 S teboj bi se radi dogovorili, da prevzameš njegovo pogodbo.; Ampak če si tu, bi te rad opozoril.
 Ker je tvoj genetski zapis enak kot njegov, lahko stopiš v njegove čevlje.; Ljudstvo ti lahko pomaga.
 Če lahko tako rečemo.; Če lahko tako rečemo.
 To bo svež začetek na novem svetu.; To bi bil nov začetek na novem svetu.
 Tudi plačilo je dobro.; In plačilo je dobro.
 Zelo dobro.; Zelo dobro.
 Namestite maske!; Namestite maske!
 Zapomnite si, če izgubite masko, boste čez dvajset sekund nezavestni.; Zapomnite si, če izgubite masko, boste čez dvajset sekund nezavestni.
 Čez štiri minute boste mrtvi. Naj nihče ne umre danes, to bi izgledalo zelo slabo v mojem poročilu.; Naj danes nihče ne umre. V poročilu ne bi bilo lepo.
 Eno življenje se konča drugo pa se začne.; Eno življenje se konča, drugo začne.
 Ko se spustimo pojdite naravnost v bazo, brez ustavljanja!; Ko se rampa spusti, pojdite naravnost v bazo.
 Pojdite naravnost noter! Počakajte nam moj znak!; Pojdite naravnost noter! Počakajte nam moj znak!
 Gremo!; Gremo!
 Ne obstaja kaj takega kot bivši marinec.; Ne obstaja kaj takega kot bivši marinec.
 Morda nisi več zraven, a nikoli ne izgubiš navad.; To ti najbrž ne bo težko.
 Rekel sem si, da bom prestal vsak test, ki ga lahko človek prestane.; Rekel sem si, da lahko opravim vsak test.
 Lahko vam ozdravijo hrbtenico, če imate denar.; Lahko vam ozdravijo hrbtenico, če imate denar.
 Ampak ne, če jim ne koristite, ne v tem gospodarstvu.; Ampak to se ne bo zgodilo.
 Gremo, posebni primer, ne pusti me čakati.; Gremo, posebni primer. Ne bom te čakal.
 Glej, glej, dame.; Glej, glej, dame.
 Glej vse to sveže meso.; Poglej to sveže meso.
 Nekoč na Zemlji so to bili vojaki, marinci.; Na Zemlji so bili vojaki in marinci, ki so se bojevali za svobodo.
 Borili so se za svobodo.; Na Zemlji so bili vojaki in marinci, ki so se bojevali za svobodo.
 Tukaj pa so bili samo najemniki, ki so delali za denar, za podjetje.; Tu pa so bili najemniki, ki delajo za denar.
 Poglej tega, človek. Na vozičku je.; Poglej tega, človek. Na vozičku je.
 Človek, to ni prav.; To ni prav.
 Niste več v Kansasu.; Niste več v Kansasu.
 Dame in gospodje, ste na Pandori.; Na Pandori ste, gospe in gospodje.
 Spoštujte to dejstvo, vsako sekundo in vsak dan.; Spoštujte to dejstvo, vsako sekundo in vsak dan.
 Če pekel obstaja, si lahko tam privoščite dopust, ko končate na Pandori.; Če obstaja pekel, pojdite tja na dopust po Pandori.
 Tam zunaj za ograjo vas vsako živo bitje, ki hodi, leti, ali se plazi po blatu, želi ubiti in vas požreti.; Za tisto ograjo so plazeča se, leteča in čepeča bitja, ki vas hočejo ubiti in vam požreti oči.
 Imamo tudi inteligentna, humanoidna bitja imenovana Na'vi.; Tu živijo tudi humanoidi, imenovani Na'vi.
 Radi uporabljajo puščice namočene v živčni strup, ki vam v minuti ustavi srce.; Puščice namakajo v strup, ki ti v minuti ustavi srce.
 Kosti imajo okrepljene z naravnimi ogljikovimi steklenimi vlakni.; Kosti imajo ojačane z naravnimi ogljikovimi vlakni.
 Zelo težko jih je ubiti.; Zelo težko jih je ubiti.
 Kot vodja varnosti imam nalogo, da vas obdržim žive.; Vodja varnostnikov sem. Moja naloga je, da vas ohranim žive.
 Ne bo mi uspelo.; Ne bo mi uspelo.
 Ne pri vseh.; Ne pri vseh.
 Če hočete preživeti, potrebujete močno voljo.; Če hočete preživeti, morate biti psihično trdni.
 Ubogati morate pravila.; Ubogajte pravila.
 Pravila Pandore.; Pravila Pandore.
 Pravilo številka ena...; Pravilo številka ena...
 Za sprostitev ni nič boljšega kot starokopitno varnostno predavanje.; Za sprostitev ni nič boljšega kot starokopitno varnostno predavanje.
 Jake, saj si Jake, ali ne?; Jake, me slišiš?
 Tomov brat.; Tomov brat.
 Podoben si mu.; Čisto si mu podoben.
 Jaz sem Norm Spellman. Skupaj sva bila na avatar treningu.; Norm Spellman. Skupaj sva bila na avatarskem urjenju.
 Biološki laboratorij, tukaj bova preživela veliko časa.; Biološki laboratorij, tukaj bova preživela veliko časa.
 Kako kaj gre? Norm, upravitelj avatarja.; Veliko časa bova preživela tu. Zdravo. Kako ste? Norm, upravljavec avatarja.
 Tukaj je soba za povezavo, tukaj se priključiš na avatarja...; To je soba z linki.
 Z Normom bova upravljala ta daljinsko vodena telesa, avatarje.; Z Normom bova upravljala telesa, imenovana avatarji.
 Vzgojili so jih iz človeške DNK pomešane z DNK domorodcev.; Vzgajajo jih iz kombinacije človeške in domorodne DNK.
 Dobrodošla.; Dobrodošla.
 Dobrodošla na Pandoro, lepo, da sta tukaj.; Vem, da najbrž ne razumeš, ampak hvala.
 Velika sta že. -Odrasla sta na letu do sem.; Velika sta že. -Odrasla sta na letu do sem.
 Izgleda, da zelo dobro napredujeta.; Izgleda, da zelo dobro napredujeta.
 Veliko mišične mase sta pridobila.; Veliko mišične mase sta pridobila.
 Trajalo bo nekaj ur, da ju pripravimo, ampak jutri ju lahko vzameta ven.; Jutri ju lahko preizkusita.
 Ta je tvoj.; Tamle je tvoj.
 Podoben je bratu.; Podoben mu je.
 Podoben je tebi.; Tebi je podoben.
 Zdaj je to tvoj avatar, Jake.; To je zdaj tvoj avatar, Jake.
 Koncept je tak, da je vsakemu upravljavcu prirejen njegov avatar.; Vsak upravljavec dobi svojega avatarja, da sta njuna živčna sistema usklajena.
 Njun živčni sistem je usklajen.; To je več povezav kot v človeških možganih.
 Ali nekaj podobnega...; Ali nekaj takega.
 Delo so mi ponudili, ker se lahko povežem s Tommyjevim avatarjem.; To delo sem dobil, ker se lahko povežem s Tommyjevim.
 Ta pa je izjemno drag.; Kar je verjetno veliko.
 Je prav tako?; Je to res?
 Za video dnevnik lahko povem karkoli?; Za video dnevnik lahko povem karkoli?
 Ja, v navado nam je prešlo, da vse dokumentiramo.; Ja, dokumentirati moramo, kaj vidimo in čutimo.
 Vse kar vidiš, vse kar čutiš, vse je del znanosti.; Za znanost. –Opazovanje je del znanosti.
 Znanost je samo dobro opazovanje. -Pa še pri pameti te bo ohranilo naslednjih šest let.; Pa še pri pameti te bo ohranilo prihodnjih šest let.
 Saj vseeno.; Saj ti je že.
 Zdaj sem torej tukaj.; Zdaj pa je čas, da se vrneš.
 Ukvarjam se z znanostjo.; Skratka, tu sem in ukvarjam se z znanostjo.
 Prihajajo ven.; Prihajajo ven.
 Pozor, upravljavci prihajajo iz komor.; Pozor, upravljavci prihajajo iz komor.
 Kdo ima moje presnete cigarete?; Kdo ima cigareto zame? Ljudje, kaj tu manjka?
 Ljudje, kaj je tukaj narobe?; Kdo ima cigareto zame? Ljudje, kaj tu manjka?
 Hvala.; Hvala.
 Grace Augustine je legenda.; Peyral je dobra lovka.
 Ona je vodja avatar programa, napisala je tudi knjigo.; Vodi avatarski program in napisala je knjigo o rastlinstvu na Pandori.
 In to dobesedno, napisala je knjigo o rastlinstvu Pandore.; Vodi avatarski program in napisala je knjigo o rastlinstvu na Pandori.
 To pa zato, ker ima raje rastline kot ljudi.; Ker ima rastline raje kot ljudi.
 Tako, Trnuljčica je zopet med nami.; Eywa te je slišala!
 Grace, predstavljam vam Norma Spellmana in Jaka Sullyja.; Grace, predstavljam vam Norma Spellmana in Jaka Sullyja.
 Norm, slišala sem nekaj dobrih stvari o tebi. Kako kaj tvoj Na'vi?; Norm, slišala sem nekaj dobrih stvari o tebi. Kako kaj tvoj Na'vi?
 Dovolite mi, Velika mati, v čast mi je, da sem vas spoznal.; Dovolite mi, da jih prepričam.
 Ni slabo, čeprav je nekoliko grobo.; Zenični refleks je dober.
 Študiral sem pet let, ampak veliko še se moram naučiti.; Pet let se že učim, a se moram še veliko.
 Grace, to je Jake Sully. -Gospa.; Grace? To je Jake Sully. –Gospa.
 Vem, kdo si in ne potrebujem te.; Vem, kdo si. Ne potrebujem tebe, ampak tvojega brata.
 Potrebujem tvojega brata, saj veste, doktorja znanosti, ki je tri leta treniral za to nalogo...; To je zdaj tvoj avatar, Jake.
 Mrtev je.; Mrtev je.
 Vem, da to za vse tukaj predstavlja neprijetnost.; Vem, da to za vse tukaj predstavlja neprijetnost.
 Koliko si delal v laboratoriju?; Koliko ur si opravil?
 Nekoč sem seciral žabo.; Se znajdeš v laboratoriju? –Nekoč sem seciral žabo.
 Zdaj vidiš?; Zdaj vidiš?
 Lulajo na nas pa niso niti toliko vljudni, da bi rekli, da dežuje.; Tako globoko v Vrtincu nas ne morejo izslediti.
 Grem k Selfridgu. -Ne, Grace!; Grem k Selfridgu. -Ne, Grace!
 To je navadno sranje.; To ni prav.
 Zbrcala bom njegovo podjetniško rit.; Ogledala si bom tega tujca.
 Nobene pravice nima, da bi vtikal nos v moj oddelek.; Naj se ne vtika v moj oddelek.
 Pridi zjutraj ob osmih.; Pridi zjutraj ob osmih.
 Poskusi govoriti učeno.; Poskusi govoriti učeno.
 Si videl tole? -Ja, gospod.; Ste videli to? –Da, gospod.
 Ne, pa nisi, gledal si na zaslon. Obožujem to palico, Ronnie.; Obožujem to palico. Obožujem to palico.
 Parker...; Parker...
 Mislila sem si, da me namerno zapostavljaš, zdaj pa vidim, da me namerno zajebavaš.; Parker. Včasih sem mislila, da me samo ignoriraš, zdaj pa vidim, da me nalašč zafrkavaš.
 Grace, uživam v najinih pogovorih...; Grace, uživam v najinih pogovorih.
 Potrebujem raziskovalca, ne pa nek vročeglav izmeček.; Raziskovalca rabim, ne odsluženega marinca.
 Mislim, da smo z njim imeli še kar srečo.; Mislim, da je čas, da opravimo nalogo.
 Srečo? -Ja.; Srečo? –Ja.
 Kako lahko temu rečeš sreča?; Kako lahko temu rečeš sreča?
 Na srečo je imel tvoj človek dvojčka in na srečo ta ni kak zobozdravnik.; Ker dvojček sploh obstaja in ker ni ustni higienik.
 Marinca lahko uporabimo. Tvoji enoti sem ga dodelil kot varnostnika.; Marinca lahko uporabimo. Tvoji enoti sem ga dodelil kot varnostnika.
 Zadnje kar potrebujem je še en bedak s prstom na sprožilcu.; Nočem na silo hraniti kriplja.
 Ti bo morala osvojiti srca in razum domorodcev, ali ni to glavni cilj tvoje lutkovne predstave?; Si mislil, da boš prišel sem, v najbolj sovražno okolje, kar jih poznamo, in videl, kako bo šlo?
 Izgledaj kot oni, govori kot oni, pa ti bodo začeli zaupati.; Če bomo izgledali in govorili kot oni, nam bodo zaupali.
 Zgradili smo jim šolo, jih naučili našega jezika, ampak po vseh teh letih se naši odnosi z domačini samo slabšajo.; Zgradili smo jim šolo, učimo jih angleško.
 To se dogaja, če na njih uporabljaš avtomatske puške.; To se zgodi, če proti njim uporabiš strojnice.
 Prav, pridi sem.; Ja. Pridi sem.
 Zaradi tega smo tukaj, zaradi unobtanija.; Zaradi tega smo tukaj, zaradi unobtanija.
 Zato, ker se ta siv kamen prodaja po dvajset milijonov za kilogram.; Ker dvojček sploh obstaja in ker ni ustni higienik.
 To je edini vzrok. To plačuje celotno zabavo.; Samo zato. To plačuje za vse.
 To plačuje tudi tvojo znanost, razumeš?; To plačuje tudi tvojo znanost, razumeš?
 Ti divjaki so ogrozili našo celotno operacijo.; Ti divjaki ogrožajo našo operacijo, na robu vojne smo in ti naj bi iskala diplomatsko rešitev.
 Smo na robu vojne in ti bi morala najti neko diplomatsko rešitev.; Ti divjaki ogrožajo našo operacijo, na robu vojne smo in ti naj bi iskala diplomatsko rešitev.
 Zato uporabi, kar imaš in mi prinesi nek rezultat.; Uporabi, kar imaš, in pokaži rezultate.
 Koliko povezav si opravil?; Koliko ur si opravil?
 Okrog 520 ur. -To je v redu.; Okrog 520 ur. -To je v redu.
 Ti greš tja, ti pa boš tukaj.; Ti greš tja, ti pa boš tukaj.
 Koliko povezav pa imaš ti? -Nič.; Koliko povezav pa imaš ti? -Nič.
 Prebral pa sem navodila.; Nobene. Sem pa prebral navodila.
 Reci, da se šališ.; Reci, da se šališ.
 To je super.; To je super.
 Gremo.; Gremo.
 Nikar, bom že sam.; Ne, bom sam.
 Torej si mislil, da boš kar šel sem, v najbolj sovražno okolje, kar jih človek pozna brez vsakega treninga in poskusil, kako bo šlo?; Si mislil, da boš prišel sem, v najbolj sovražno okolje, kar jih poznamo, in videl, kako bo šlo?
 Kaj si imel v glavi?; Kaj ti je šlo po glavi?
 Morda sem imel dovolj zdravnikov, ki so mi govorili, česa vse ne zmorem.; Sit sem bil zdravnikov, ki so mi govorili, česa ne morem.
 Biometrija je v redu. -Povezava je pripravljena.; Biometrika je v redu. –Link 3 je pripravljen.
 Drži roke noter, dlani obrnjene k sebi.; Roke noter, dlani noter, glavo dol.
 Glavo dol.; Glavo dol!
 Sprosti se in pusti, da se ti glava izprazni.; Nadaljuj, umaknil se bo.
 Tebi to ne bi smelo delati težav.; To ti najbrž ne bo težko.
 Poljubi najtemnejši del moje... -Vključi povezavo.; Poljubi najtemnejši del moje... -Vključi povezavo.
 Zagon programa za enoto tri. -Zaganjam.; Prosim za Eywino pomoč.
 Imam prve podatke.; Dal si mi uporabne podatke.
 Ti možgani so izjemni. Lepa aktivnost.; Ti možgani so izjemni. Lepa aktivnost.
 Bomo še videli. -Fazna uskladitev 40 procentov.; Link je pripravljen. –Ujemanje 40 %.
 Noter grem. V številki štiri bom.; V redu, grem.
 Fazna uskladitev 99 procentov, povezava je stabilna.; Ujemanje 99 %. Link je stabilen.
 Jake, me slišiš?; Jake, me slišiš?
 Refleks zenice je v redu.; Zenični refleks je dober.
 Ušesni odziv normalen. Kako se počutiš, Jake?; Slušni odziv normalen. Kako se počutiš, Jake?
 Pozdravljena.; Pozdravljena.
 Dobrodošel v svoje novo telo, Jake. -V redu.; V redu.
 Nadaljevali bomo lepo počasi, Jake.; Začeli bomo lepo počasi.
 Ni problema. -Vidim, da se tega še spomniš.; Upal sem, da boš to rekel.
 Če hočeš sesti je to tudi v redu.; Tako se to dela.
 Kar mirno in počasi, Jake. Ni napadov nestabilnosti, to je v redu.; Sovražnik je tam zunaj in zelo močan je.
 Občutiš vrtoglavico ali slabost?; Čutiš kakšno odrevenelost ali bolečino?
 Lepo premikaš prste. -Dobro, Jake.; Dobro, Jake. –Odlično.
 Nadzor premikanja je v redu.; Zenični refleks je dober.
 Občutiš kako odrevenelost ali bolečino?; Čutiš kakšno odrevenelost ali bolečino?
 Kar mirno, nikar naj se ti ne mudi.; Ne igraj se s tem, oslepel boš.
 Opraviti moramo še nekaj testov premikanja in refleksov.; Še nekaj testov motorike moramo opraviti.
 Zato kar počasi.; Začeli bomo lepo počasi.
 Jake, poslušaj me.; Jake, poslušaj me.
 Jake, hočem da sedeš. -Je že v redu, dobro mi gre.; Poslušaj me. –Vse je v redu. Saj gre.
 Jake, hočem, da sedeš. -Spravita ga nazaj na ležaj.; Jake, takoj sedi. –Spravita ga nazaj na voziček.
 Sesti moraš...; Sesti moraš...
 Uspavaj ga!; Uspavaj ga!
 Tisoč miligramov uspavala, hitro!; Kako je hitro!
 Jake, nisi še navajen svojega avatarskega telesa, to je nevarno.; Nisi vajen svojega avatarja.
 To je krasno. -Daj no, uspavali te bodo.; Jake, poslušaj me. –Daj no. Uspavali te bodo.
 Sedi!; Sedi!
 Daj no, nobenih sposobnosti še nimaš.; Dobro, to še znaš.
 Ni se mi treba niti truditi v obrambi. -Pozdravljena.; Vidim te, brat, in zahvaljujem se ti.
 Je že v redu, za njim grem. -Jake, nazaj noter moraš.; Je že v redu, za njim grem. -Jake, nazaj noter moraš.
 Oprosti.; Oprosti.
 Jake, ne smeš tekati naokrog!; Zbudi se! Jake, zbudi se!
 Oprosti. -Pazi malo!; Oprosti. -Pazi malo!
 Marinec!; Marinec!
 Presneto...; Presneto...
 Grace?; Grace?
 Koga pa si pričakoval?; Koga pa si pričakoval?
 Primi!; Primi!
 Kontrola premikanja izgleda v redu.; Kontrola premikanja izgleda v redu.
 Utihnite zdaj.; Utihnite zdaj.
 Ugašam luči.; Ugašam luči.
 Dajmo Luisa, hop-hop.; Dajmo Luisa, hop-hop.
 Ne igraj se s tem, oslepel boš.; Ne igraj se s tem, oslepel boš.
 To je prav čudno. -Dajmo.; Daj no, to je … –Nehajta.
 Ugašam luči, vidimo se pri večerji, mucke.; Tamle je. Se vidiva pri hangarjih.
 Dobrodošel nazaj.; Dobrodošel v novem telesu.
 Je vse v redu? -Dobro sem.; Si v redu? –Ja.
 Jaz sem Trudy, sem pilotka znanstvenikov.; Jaz sem Trudy. Znanstvena plovila pilotiram. Tole je moj srček.
 Tole je moj otročiček.; Jaz sem Trudy. Znanstvena plovila pilotiram. Tole je moj srček.
 Počakaj trenutek.; Počakaj trenutek.
 Wainfleet, opravi že.; Wainfleet, opravi že.
 Ob devetih odrinemo. -Saj delam, kapitan.; Ob 9.00 gremo. –Razumem, kapitan.
 Še vedno ni pritrjen. -Težko opremo imate na krovu.; Scorpion 2H, Peklenski stolp, imate dovoljenje za vzlet.
 Pazi!; Pazi!
 To je zato, ker nismo edini, ki letamo naokrog.; Ker nismo edini, ki letijo tam okrog.
 Pa tudi največji ne.; Pa tudi največji ne.
 Potrebujem pa te na orožju ob vratih, manjka mi član posadke.; Ampak če si tu, bi te rad opozoril.
 Mislil sem, da ne boš nikoli rekla.; Upal sem, da boš to rekel.
 Tega iščeš. Vidiva se na vzletni stezi.; Tega iščeš. Vidiva se na vzletni stezi.
 Hoteli ste me videti, polkovnik?; Ste me iskali, polkovnik?
 Ta nizka težnost te oslabi.; Ta nizka težnost te oslabi.
 Če oslabiš te bo Pandora ubila brez vsakega opozorila.; In če oslabiš, te Pandora brez opozorila ubije.
 Pogledal sem tvojo kartoteko, desetar.; Videl sem tvojo kartoteko.
 Venezuela, to je bilo grdo okolje.; Ampak to je bila le teorija.
 Ampak ne kot to tukaj.; Ampak ne tako kot tu.
 Imaš pa kar nekaj poguma, da si prišel v to soseščino.; Zdaj pa je čas, da se vrneš.
 To je samo še ena peklenska luknja. -Sam sem bil najprej izvidnik.; Sprva sem samo ubogal ukaz.
 Nekaj let pred teboj, morda več kot samo nekaj let.; Nekaj let pred tabo. Ali pa več.
 Trikrat sem bil v Nigeriji pa nisem dobil niti praske.; Če bi bil na pripravah, bi to vedel.
 Potem sem prišel sem in prvi dan sem bil kot oskuben piščanec.; Ko pa sem prišel sem … Že prvi dan. Počutil sem se kot bedak.
 To mi lahko popravijo, ko se bom vračal nazaj.; Lahko se bom dogovoril o selitvi.
 Lahko me naredijo zopet lepega.; Lahko me naredijo zopet lepega.
 Ampak veš kaj, na nek način mi je všeč.; Da bi bil spet lep. Ampak všeč mi je tako.
 Vsak dan me opominja, kaj me pričakuje zunaj.; Opominja me na to, kaj je tam zunaj.
 Program avatar je samo slaba šala.; To je moj zadnji video dnevnik.
 Kopica debelušnih znanstvenikov.; Kopica debelušnih znanstvenikov.
 Vseeno pa predstavlja priložnost, enkratno priložnost ob pravem času. Umik!; Vseeno pa predstavlja priložnost, enkratno priložnost ob pravem času. Umik!
 Izvidnik v telesu avatarja.; Izvidnik v avatarskem telesu. Močna kombinacija.
 To je nevarna mešanica, kurjo polt dobim zraven.; To je nevarna mešanica, kurjo polt dobim zraven.
 Tak marinec bi mi lahko priskrbel podatke s terena, ki jih potrebujem.; Tak marinec bi lahko pridobil informacije na terenu.
 Naravnost iz tabora sovražnikov.; Naravnost iz tabora sovražnikov.
 Sully, hočem, da proučiš te divjake od znotraj, hočem, da si pridobiš njihovo zaupanje.; Ampak če si tu, bi te rad opozoril.
 Hočem jih prisiliti v sodelovanje ali pa uničiti, če ne bodo hoteli.; Jaz sem samo pešak, ki gre nekam, kamor si ne želi.
 Bom še podrejen Augustine? -Vsaj uradno.; Bom še podrejen Augustine? -Vsaj uradno.
 Hodil boš naokrog, kot se ji bo zahotelo, kvakal kot znanstvenik, poročal pa boš meni.; Če se boš izkazal, ti bom priskrbel noge.
 Lahko to narediš zame, sinko?; Boš naredil to zame?
 Seveda, gospod.; Zveni dobro, gospod.
 Potem je v redu.; V redu.
 Sinko, jaz poskrbim za svoje.; Jaz poskrbim za svoje ljudi.
 Priskrbi mi, kar potrebujem, pa bom poskrbel, da dobiš nazaj svoje noge, ko boš šel domov.; Če se boš izkazal, ti bom priskrbel noge.
 Resnične noge.; Prave noge.
 To je slišati krasno, gospod.; Zveni dobro, gospod.
 Povezava pripravljena.; Povezava pripravljena.
 Usta drži zaprta in pusti Norma, da bo govoril.; Iti mora skozi Eywino oko in se vrniti.
 V redu, gremo.; V redu, grem.
 Ugasni ga, nekaj časa bomo tukaj.; Ugasni motorje. Nekaj časa bomo ostali.
 Norm, tvoj nahrbtnik.; Norm, tvoj nahrbtnik.
 Ostani pri letalu.; Ostani pri ladji. En tepec s puško je dovolj.
 En bedak s puško je dovolj.; Kdo je nevaren? Tako je.
 Vi ukazujete, doktorca.; Vi ukazujete, doktorca.
 Prolemurji, niso napadalni.; Prolemurji. Niso napadalni.
 Sprosti se, marinec, delaš me živčno.; Pomiri se. Živčno me delaš.
 Kako bodo vedeli, da smo tukaj? -Prepričana sem, da nas že opazujejo.; Gotovo nas že opazujejo.
 Naprej, Norm. -Gremo, fanta.; Naprej, Norm. -Gremo, fanta.
 Začenjam. -Skeniram.; Začenjam. -Skeniram.
 Tako hitro?; Tako hitro?
 Osupljivo, ali ne?; Osupljivo, ali ne?
 To je prenos podatkov iz te korenine v korenino sosednjega drevesa.; To je več povezav kot v človeških možganih.
 Morali bi vzeti vzorec.; Morali bi videti svoje obraze.
 Glede na hitrost reakcije je verjetno električno.; Po hitrosti sodeč je električno.
 Norm, vzorec si okužil s svojo slino.; Zdaj si sin Omaticaye.
 Ne streljaj, samo razjezil ga boš.; Ne streljaj. Ne streljaj! Razdražil ga boš.
 Je že jezen.; Je že razdražen.
 Jake, oklep ima predebel, kar zaupaj mi.; Predebel oklep ima. Verjemi mi.
 Samo svoje ozemlje brani, ne beži, ker te bo napadel.; Samo hvala bi ti rekel, ker si jih pobila.
 Kaj pa naj naredim? Naj zapleševa?; Kako je pa s tem? Naj tečem ali ne?
 Samo na miru bodi.; Samo na miru bodi.
 Dajmo, pokaži kaj imaš!; Dajmo, pokaži kaj imaš!
 Kdo je zloben? Tako je prav.; Kdo je nevaren? Tako je.
 O tem ti govorim, prasec.; Saj ti je že.
 Tako je prav, beži nazaj k mami.; Tako je. Steci nazaj k mamici.
 Ničesar nimaš, kar beži. Drugič pripelji še kaj prijateljev.; In pripelji še prijatelje.
 Kaj pa naj s tem? Naj bežim ali ne, kaj?; Kako je pa s tem? Naj tečem ali ne?
 Beži, vsekakor beži!; Beži, vsekakor beži!
 Prenehati moramo, ponoči ne smemo ostati zunaj.; Ponoči ne smemo biti zunaj.
 Oprostite, doktorica, moral bo počakati do jutri.; Žal mi je. Počakati bo moral to jutra.
 Do jutri ne bo preživel.; Ne bo preživel.
 Nimam časa celo prekleto noč.; Nimam časa vso noč.
 Pridite!; Pridite!
 Čakaj, nikar!; Čakaj, nikar!
 Krasno.; Krasno.
 Vem, da me verjetno ne razumeš.; Saj ne misliš resno.
 Ampak...; Ampak...
 Hvala.; Hvala.
 Hvala.; Hvala.
 To je res naredilo vtis.; To je bilo enkratno.
 Z menoj bi bilo konec, če ne bi prišla zraven.; Če ne bi prišla, bi bilo po meni.
 Čakaj trenutek, kam greš?; Čakaj trenutek, kam greš?
 Čakaj.; Čakaj.
 Počasneje.; Počasneje.
 Hotel sem se ti samo zahvaliti, da si pobila te stvore...; Samo hvala bi ti rekel, ker si jih pobila.
 Ne zahvaljuj se.; Ne napadaj.
 Za to se ne zahvaljuj.; Za to ne rečeš hvala.
 To je žalostno.; To je dejstvo.
 Samo zelo žalostno.; To je žalostno. Samo zelo žalostno.
 Prav, žal mi je.; V redu. Žal mi je.
 Karkoli sem že naredil, žal mi je.; Karkoli sem že naredil, mi je žal.
 Za vse to si ti kriv, ne bi jim bilo treba umreti.; Ti si kriv. Ne bi jim bilo treba umreti.
 Jaz sem kriv? Oni so napadli mene, kako to, da sem zdaj jaz zlobnež?; Jaz sem kriv? Zakaj? Oni so napadli.
 Ti si kriv! -Počasi.; Ti si kriv. –Počasi.
 Si kot majhen otrok, tako glasen, ne veš, kaj bi naredil.; Kot otrok si. Hrup delaš, ne veš, kaj bi.
 Če imaš tako rada svoje majhne gozdne prijateljčke, zakaj jih nisi potem pustila, da bi me ubili?; Če imaš tako rada svoje gozdne prijatelje, zakaj nisi pustila, da me ubijejo?
 Kaj si mislila?; Kaj pa si?
 Zakaj sem te rešila? -Zakaj si me rešila.; Zakaj sem te rešila? –Ja. Zakaj si me rešila?
 Močno srce imaš.; Močno srce imaš.
 Nič strahu.; Nič strahu.
 Ampak neumen, neveden kot otrok.; Ampak neumen. Neveden kot otrok.
 Če sem kot otrok bi me lahko morda učila.; Če sem kot otrok, bi me morala podučiti.
 Ljudje iz nebes se ne morejo učiti, ne vidijo. -Nauči me, kako videti.; Drugič se rodiš, ko si prislužiš prostor v ljudstvu za vedno.
 Nihče te ne more naučiti videti.; Ljudje z neba se ne morejo naučiti, ker ne vidijo.
 Daj no, se lahko pogovoriva?; Daj no, se lahko pogovoriva?
 Kje si se naučila našega jezika?; Kje si se naučila angleško? V šoli dr. Augustinove?
 V šoli dr. Augustine?; Kje si se naučila angleško? V šoli dr. Augustinove?
 Kot otrok si.; Kot otrok si. Hrup delaš, ne veš, kaj bi.
 Potrebujem tvojo pomoč.; Vendar potrebujem pomoč.
 Ne bi smel biti tukaj.; Ampak če si tu, bi te rad opozoril.
 Prav, vzemi me s seboj. -Ne, pojdi nazaj.; Pa me vzemi s sabo. –Ne. Pojdi nazaj.
 Ne.; Ne.
 Pojdi nazaj.; Pojdi nazaj.
 Kaj je to?; Kaj je bilo to?
 Semena svetega drevesa.; Semena svetega drevesa.
 Zelo čisti duhovi.; Zelo čisti duhovi.
 Kaj je bilo to?; Kaj je bilo to?
 Pridi.; Pridi.
 Kam greva?; Kam greva?
 Pridi.; Pridi.
 Kako ti je ime?; Kako ti je ime?
 Pomirite se ljudje, pomirite!; Odklopili se bodo!
 Tsu'tey, kaj počneš?; Tsu'tey, kaj počneš?
 Ta demon ne bi smel biti tukaj.; Naj danes nihče ne umre. V poročilu ne bi bilo lepo.
 Videla sem znak.; Sprva sem samo ubogal ukaz.
 Tsahik se mora odločiti.; Tsahik naj odloči.
 Vzemite ga s seboj.; Vzemite ga s seboj.
 Kaj se dogaja?; Kaj se dogaja?
 Kaj se dogaja?; Kaj se dogaja?
 Oče...; Oče...
 Vidim te.; Vidim te.
 Ta stvor... zakaj si ga pripeljala sem?; To bitje … Zakaj si ga pripeljala sem?
 Hotela sem ga ubiti, potem pa sem videla Eywin znak.; Hotela sem ga ubiti, toda Eywa je poslala znamenje.
 Rekel sem, da ne sme sem noben nočni popotnik.; Rekel sem, da sanjehodci ne smejo sem.
 Kaj pravi?; Kaj pravi?
 Nos se mi obrača od njegovega smradu.; Poln nos njegovega vonja imam.
 Kaj pravi?; Kaj pravi?
 Moj oče se odloča, če te naj ubije ali ne.; Oče se odloča, ali naj te ubije.
 Tvoj oče?; Tvoj oče?
 Veseli me, da sem vas spoznal, gospod.; Tvoj oče. Me veseli, gospod.
 Umakni se!; Poberi se!
 Če je bil znak duhov potem o tem odločam jaz.; Če to storim, bom eden od njih.
 To je moja mama, ona je Tsahik, ona tolmači voljo Eywe.; To je moja mama, ona je Tsahik, ona tolmači voljo Eywe.
 Kdo je Eywa?; Kdo je Eywa?
 Kako ti je ime?; Kako ti je ime?
 Jake Sully.; Jake Sully.
 Zakaj si prišel k nam?; Zakaj bi nam pomagali?
 Prišel sem se učit.; Zaljubil sem se.
 Poskusili smo učiti ostale ljudi z nebes.; Ljudi z neba smo poskusili učiti.
 Težko je napolniti skodelico, ki je že polna.; Težko je napolniti čašo, ki je že polna.
 Moja je prazna, kar verjemi mi.; Moja je prazna, kar verjemi mi.
 Vprašaj dr. Augustine, jaz nisem znanstvenik.; Vprašajte dr. Augustinovo. Nisem znanstvenik.
 Kaj pa si?; Kaj pa si?
 Bil sem marinec.; Bil sem svoboden.
 Bojevnik in član vojnega klana.; Bojevnik iz klana marincev.
 On je bojevnik? Zlahka bi ga ubil.; Zlahka bi ga ubil. Ne!
 Ne!; Ne!
 To je prvi bojevnik, ki smo ga srečali med vsemi prišleki.; To je prvi bojevnik sanjehodcev, ki ga vidimo.
 Moramo izvedeti več o njem.; Moramo izvedeti več o njem.
 Hčerka...; Hčerka...
 učila ga boš o našem življenju, da bo govoril in se obnašal kot mi.; Hčerka, ti ga boš učila naših navad.
 Zakaj jaz? Ni pošteno. -Odločila sem se!; Pomirite se! –Ne, prosim.
 Odločeno je.; V redu je.
 Moja hčerka te bo učila o našem življenju.; Odločeno je. Moja hči te bo učila naših navad.
 Dobro se uči, Jake Sully.; Dobro se uči, Jakesully.
 Videli bomo, če lahko ozdravimo tvojo norost.; Videli bomo, če lahko ozdravimo tvojo norost.
 Dober večer.; Dober večer.
 Prosim, ne vstajajte.; Prosim, ne vstajajte.
 Oprosti.; Oprosti.
 Hej, kako kaj gre?; Hej, kako kaj gre?
 Jake. -Prihaja k sebi.; Jake. -Prihaja k sebi.
 Pridi nazaj, mali. Daj, tako je prav.; Pridi nazaj, mali. Daj, tako je prav.
 Tukaj si.; Pripravljen si.
 Govoril si kot navit.; Presneto! Držal si se kot klop.
 Je avatar na varnem? -Ja, doktorica.; Je avatar na varnem? -Ja, doktorica.
 Ne boste verjeli, kje sem.; Ne boste verjeli, kje sem.
 Zadnje, kar smo videli, je bila rit tega marinca, kako izginja med grmovjem, medtem ko ga lovi lačen thanator.; Videli smo samo, kako je ta marinec izginil v grmovju, ko ga je lovil razdražen thanator.
 To ni nekaj, česar se lahko naučite.; To ni nekaj, česar se lahko naučite.
 Iz vzrokov, ki jih nikakor ne razumem so te sprejeli Omaticaya.; To me ne bi motilo, če ne bi bili … Lahko kdo … Sektor 12.
 Bog naj nam pomaga.; Iz neznanega razloga so Omaticayi izbrali tebe. Bog se nas usmili.
 Vojni klan?; Vojni klan?
 Pa je delovalo?; Pa je delovalo?
 Sem že član družine.; Sem že član družine.
 Hočejo me proučevati, moram se naučiti, da bom eden izmed njih.; Preučevali me bodo. Postal bom eden od njih.
 Temu se reče prevzeti iniciativo, sinko. Želim si še deset takih, kot si ti.; Temu se reče prevzeti iniciativo, sinko. Želim si še deset takih, kot si ti.
 Sully, ti samo ugotovi, kaj te modre opice hočejo.; Sully, spoznaj te divjake, pridobi njihovo zaupanje.
 Poskusili smo jim dati medicino, izobrazbo, ceste, ampak ne, njim je všeč blato.; Hoteli smo jim dati zdravila, izobrazbo, ceste … Ampak ne. Raje imajo blato.
 Mene to ne moti, je pa tako, da so...; Tako se to dela.
 Bi lahko kdo...? Sektor dvanajst.; To me ne bi motilo, če ne bi bili … Lahko kdo … Sektor 12.
 Ustavi. -Ustavi.; Ustavi. -Ustavi.
 Ustavi. To je genialno.; Avatarski program je bedarija. Trop nesposobnih znanstvenikov.
 Njihova presneta vas slučajno stoji na največji zalogi unobtaniuma v razdalji dvesto kilometrov.; Njihova presneta vas slučajno stoji na največji zalogi unobtaniuma v razdalji dvesto kilometrov.
 Poglej si to zalogo.; Poglej to sveže meso.
 Kdo jih bo spravil proč? -Ugibaj.; Kdo jih bo preselil? –Ugani.
 Kaj pa, če ne bodo hoteli proč?; Kako bodo vedeli, da smo tu?
 Stavim, da bodo hoteli.; Stavim, da bodo hoteli.
 Ubijanje domorodcev izgleda slabo.; Ubijanje domorodcev izgleda slabo.
 Delničarji pa nekaj sovražijo še bolj kot slabe novice v poročilih.; Delničarji pa nekaj sovražijo še bolj kot slabe novice v poročilih.
 To je slabo poročilo o poslovanju. Nisem si jaz izmislil pravil.; Ubijati domorodce ni lepo, ampak delničarji še bolj kot slabo publiciteto sovražijo slabo četrtletno poročilo. Nisem jaz pisal pravil.
 Zato mi najdi korenček, ki jih bo spravil proč.; Najdi korenček, ki jih bo zvabil stran.
 Drugače bo moral on opraviti s palico. Prav?; Drugače bo moral on opraviti s palico. Prav?
 Tri mesece časa imaš, potem pridejo tja buldožerji.; Tri mesece imaš. Potem pridejo buldožerji.
 Torej ne izgubljajmo časa.; Torej ne izgubljajmo časa.
 Všeč mi je ta fant.; Všeč mi je.
 Prav, poglejmo še enkrat.; Poskusimo še enkrat.
 Moat, zmajeva gospa.; Moat, zmajeva gospa.
 Eytuken. -Eytukan.; Eytuken. -Eytukan.
 On je vodja klana, ona pa je duhovna voditeljica.; On je vodja klana, ona pa je duhovna voditeljica.
 Neke vrste šaman. -Razumem.; Neke vrste šaman. -Razumem.
 Tsutey. -Tsu'tey.; Tsutey. -Tsu'tey.
 On bo naslednji vodja klana.; Tsu'tey. –Bodoči vodja klana.
 Neytiri. -Ona bo naslednji Tsahik.; Neytiri. -Ona bo naslednji Tsahik.
 Ta dva se bosta poročila.; Čez nekaj ur bosta zunaj.
 Kdo pa je Eywa? -Kdo je Eywa?; Kdo je Eywa?
 Samo njihovo božanstvo, boginja, ki je ustvarila vsa živa bitja, vse, kar poznajo. To bi vedel, če bi imel vsaj malo treninga.;" Ni samo ""vidim te pred sabo"", ampak ""Vidim vate."" Dobro je, da je z nami, ampak tudi zanj sem skxawng."
 Kdo pa gre na zmenek s poglavarjevo hčerko?; Kdo ima zmenek s poglavarjevo hčerko?
 Gremo, v vasi zgodaj vstajajo.; Pojdimo, vas se zgodaj prebudi.
 Ne naredi česa izjemno neumnega.; Ne stori ničesar izjemno neumnega.
 Mirno, fant.; Mirno, fant.
 Ženska je.; Ženska je.
 Mirno, dekle.; Mirno, fant.
 To je Sa'helu, zveza.; To je Sa'helu, zveza.
 Občuti jo.; Začuti jo.
 Občuti bitje njenega srca.; Občuti bitje njenega srca.
 Njen dah.; Njen dah.
 Občuti njene močne noge.; Njene močne noge.
 Lahko ji poveš, kaj naj naredi, v glavi.; Lahko ji ukažeš, kaj naj dela.
 Zdaj ji povej, naj gre naprej.; Za zdaj ji povej, kam naj gre.
 Naprej.; Naprej.
 Raje pojdi proč.; Raje pojdi proč.
 Potem pa me boš pogrešal.; Potem pa me boš pogrešal.
 Vedel sem, da govoriš naš jezik.; Vedel sem, da znaš angleško.
 Čas izgubljaš z njim, še kamen bi se prej naučil.; Z Neytiri se moraš hitro učiti, drugače umreš.
 Kar poglej ga.; Kar poglej ga.
 Še enkrat.; Še enkrat.
 Če boste hoteli to zadevo napasti, ne bo enostavno.; Če jih boste hoteli napasti, ne bo lahko.
 Vaše skeniranje ne pokaže notranje strukture.; Slika ne kaže notranje zgradbe.
 Tukaj je zunanja vrsta zelo močnih stebrov.; Tu je deset na dvanajsto dreves.
 Tam je še drug obroč in še eden notranji.; Mislim, da je drugi obroč nosilen.
 V jedru je struktura v obliki spirale.; V jedru je struktura v obliki spirale.
 Tako se premikajo gor in dol.; Tako se premikajo gor in dol.
 Potrebovali bomo natančne podatke o vsakem stebru.; Natančne slike bomo potrebovali.
 Razumem.; Razumem.
 Kaj nam še lahko poveš o strukturi?; Kaj še lahko poveš o zgradbi?
 Domnevam, da je ta drug obroč nosilni.; Mislim, da je drugi obroč nosilen.
 kam gremo?; kam gremo?
 Odhajamo proč.; Odhajamo proč.
 Ne bom dovolila, da Selfridge in Quaritch vodita celotno zadevo.; Ne dovolim, da se Selfridge in Quaritch vmešavata.
 Na položaju 26 je prenosna postaja, delamo lahko tam, visoko v planinah.; Delali bomo z mobilnim linkom na lokaciji 26, v gorah.
 V planinah Aleluja?; V gorovju Aleluja?
 Tako je. -Resno mislite?; Tako je. -Resno mislite?
 Ja. -Ja!; Ja. –To!
 Legendarne lebdeče planine Pandore, nisi še slišal za njih?; Legendarne plavajoče gore. Si slišal zanje?
 Blizu smo že.; Blizu smo že.
 Ja, poglej moje naprave.; Poglej moje instrumente.
 Smo v energetskem vrtincu.; Smo v energetskem vrtincu.
 Zdaj smo na VFR. -Kaj je VFR?; Kakšna logika je to?
 Pomeni, da moraš videti kam greš.; Toda prej ali slej se moraš zbuditi.
 Ampak nič se ne da videti. -Točno tako.; Ampak nič se ne da videti. -Točno tako.
 Ni to zajebano?; Ni to zajebano?
 O moj bog...; O bog.
 Morali bi videti svoje obraze.; Morali bi videti svoje obraze.
 Hvala, da ste leteli z družbo Pandora.; Hvala, ker ste leteli z Air Pandoro.
 Dobrodošli v tabor.; Dobrodošli v taboru.
 To je moja omarica. -Ta stvar je grozna.; To je nevarno. –Super je.
 Norm, ti boš spodaj.; Norm, ti boš spodaj.
 Grace ni nič ušlo.; Nihče mu ni nič mogel.
 Vedela je, da sem govoril s polkovnikom.; Vedela je, da govorim s polkovnikom.
 Ampak jaz sem imel to, kar je potrebovala, pot nazaj v klan.; Ampak tudi ta ženska mora izbrati mene.
 Zato se je obnašala prijazno.; Zato je bila prijazna.
 Jake, levo.; Jake, levo.
 Ti boš v povezavi na koncu.; Zavij levo. V linku na koncu boš.
 Enota ena, Bueler.; Enota 1, Beulah. Najmanj nagaja.
 Ta ima še najmanj napak.; Ta ima še najmanj napak.
 Sveto sranje.; Sveto sranje.
 Ne glej ji v oči.; Ne glej je v oči.
 Ikran ni konj.; Ikran ni konj.
 Ko se vzpostavi Sa'helu bo Ikran letel dobro.; Ko vzpostaviš tsaheylu, ikran leti samo še s tabo.
 Ampak samo z enim lovcem v celem življenju.; Ampak samo z enim lovcem v celem življenju.
 Da postaneš Aron'yu, lovec moraš izbrati svojega lastnega Ikrana in on mora izbrati tebe.; Če hočeš postati taronyu, lovec, moraš izbrati svojega ikrana in on mora izbrati tebe.
 Kdaj? -Ko boš pripravljen.; Kdaj? –Ko boš pripravljen.
 To je video dnevnik dvanajst.; To je soba z linki.
 Ura je 21:32.; Ura je 21.32.
 Res moram to narediti zdaj? Potrebujem malo počitka.; Moram zdaj? Res se moram naspati.
 Ne, zdaj, ko še je sveže.; Zdaj, dokler je sveže.
 Lokacija, koliba.; Lokacija, koliba.
 Te dni začenjajo stvari dobivati smisel.; Te dni začenjajo stvari dobivati smisel.
 Jezik je še vedno težaven, ampak...; To je zelo dolgo. –Ja.
 Ugotovil sem, da je kot razstavljanje orožja. Vse je stvar ponavljanja.; Jezik je naporen, ampak podobno je razstavljanju orožja. Eno samo ponavljanje.
 Brez skrbi, močneje.; Brez skrbi, močneje.
 Neytiri mi pravi scoun.; Neytiri mi pravi scoun.
 To pomeni bedak.; To pomeni bedak.
 Normovo obnašanje se zadnje čase popravlja.; Nato pa se je vse spremenilo.
 To ne pomeni samo, da te vidim pred seboj, ampak, da vidim v tebe...;" Ni samo ""vidim te pred sabo"", ampak ""Vidim vate."" Dobro je, da je z nami, ampak tudi zanj sem skxawng."
 Lepo, da zopet sodelujeva, ampak tudi on misli, da sem scoun.; Nisem več pri marincih, ampak nastrojenost ostane.
 Teči moraš, prav?; Teči moraš, prav?
 Gremo.; Gremo.
 Postajam močnejši.; Postajam močnejši.
 Vsak dan lahko tečem dalj.; Stopala so se mi okrepila. Vsak dan tečem dlje.
 Moram zaupati mojemu telesu, da ve, kaj mora narediti.; Moram zaupati mojemu telesu, da ve, kaj mora narediti.
 Pa poskusimo.; Pa poskusimo.
 Presneto.; Presneto.
 Vsak dan je branje sledi, opazovanje divjine, najslabši vonji in zvoki.; Zaljubil sem se v gozd, v ljudstvo Omaticaya in vate.
 Vedno govori o pretoku energije, o živalskih duhovih.; Kar naprej govori o pretoku energije in živalskih duhovih.
 Res upam, da to objemanje dreves ni vse.; Upam, da teh bedarij ne bo na končnem izpitu.
 Tukaj ne gre samo za koordinacijo med očmi in rokami.; Ne gre samo za koordinacijo oči in rok.
 Poslušati moraš, kar ti govori.; Poslušati moraš, kar ti govori.
 Poskusi videti gozd skozi njene oči.; Poskusi videti gozd z njenimi očmi.
 Oprosti, to je moj video dnevnik.; To je moj zadnji video dnevnik.
 Ob Neytiri se lahko samo hitro naučiš ali pa umreš.; Z Neytiri se moraš hitro učiti, drugače umreš.
 Gotovo me zafrkavaš.; Gotovo me zafrkavaš.
 Moat sem pregovoril, da sme Grace nazaj v vas.; Mo'at sem vprašal, ali bi spustila Grace v vas.
 Tako ste zrasli.; Kako ste lepi.
 Prvič, odkar so zaprli njeno šolo.; Prvič, odkar so njeno šolo zaprli.
 Tako ste prikupni.; Kako ste veliki.
 Ne, pa ne boš, pridi nazaj sem.; Tako je. Steci nazaj k mamici.
 Dober tek.; Dober tek.
 Pridi.; Pridi.
 Poskušam razumeti to globoko povezavo, ki jo imajo ljudje z gozdom.; Poskušam dojeti njihovo globoko vez z gozdom.
 Govori o pretoku energije.; Govori o mreži energije, ki se pretaka skozi vsa živa bitja.
 Ta teče skozi vsa živa bitja.; Govori o mreži energije, ki se pretaka skozi vsa živa bitja.
 Pravi, da je vsa energija samo sposojena.; Pravi, da je energija samo sposojena in da jo moraš nekoč vrniti.
 In nekega dne jo moramo vrniti.; Torej ga moramo ustaviti.
 Vidim te, brat, in se ti zahvaljujem.; Vidim te, brat, in zahvaljujem se ti.
 Tvoj duh bo šel k Eywi, tvoje telo pa bo ostalo tukaj in postalo del Naroda.; Tvoje telo ostaja tu in bo postalo del ljudi.
 Lep uboj.; Lep uboj.
 Pripravljen si.; Pripravljen si.
 Naučiti se leteti na Ikranu, ki jih tukaj imenujejo Banshee, je test, ki ga mora prestati vsak mlad lovec.; Letenje z ikranom, mi jim rečemo furije, je preizkus, ki ga mora opraviti vsak mlad lovec.
 Da pa bi to naredil moraš iti tja, kjer Bansheeji živijo.; Toda treba je iti tja, kjer so furije.
 Kaj pa zdaj?; Pa zdaj?
 Jake Sully bo šel prvi.; Jakesully bo šel prvi.
 Zdaj boš izbral svojega Ikrana.; Samo eno priložnost boš imel.
 Moraš ga začutiti znotraj sebe.; Bolje ga moramo spoznati.
 Če bo tudi on izbral tebe moraš biti hiter, kot sem ti pokazala.; Brez tebe mi ne bo uspelo.
 Samo eno priložnost boš imel, Jake.; Samo eno priložnost boš imel.
 Kako bom vedel, da je tudi on izbral mene?; Kako bom vedel, da me je izbral?
 Poskusil te bo ubiti.; Ubiti te bo hotel.
 Krasno.; Krasno.
 Pa zaplešiva.; Pa zaplešiva.
 Bedak hoče umreti.; Bedak hoče umreti.
 Ne boj se, bojevnik!; Ne boj se, bojevnik.
 Vzpostavi zvezo!; Vzpostavi zvezo!
 Jake!; Jake!
 Sa'Helu, Jake!; Jake!
 Sa'Helu!; Sa'Helu!
 Stoj!; Stoj!
 Tako je prav, zdaj si moj.; Pogumen si, da si prišel sem.
 Prvi polet zapečati zvezo, zdaj ne smeš čakati.; Prvi polet zapečati vez. Ne smeš čakati.
" Pomisli ""poleti""! -Poleti?";" Pomisli ""poleti""! -Poleti?"
 Prekleto...; Prekleto...
 Sanje!; Sanje!
 Utihni in leti naravnost!; Vzemi ta duh vase in ga dahni nazaj med nas.
 Tako je prav.; To ni prav.
 Zavij levo.; Tako ja. Nagni se na levo.
 Izravnaj se! Tako je prav.; Izravnaj se! Tako je prav.
 Mala, uspelo mi je!; Mala, uspelo mi je!
 Sranje!; Sranje!
 Morda res nisem bil dober s konji, ampak za to sem bil rojen.; Konji mi ne ležijo preveč, za to pa sem rojen.
 Jaz naredim takole, ti pa tako.; Potem me pa nauči videti.
 Obrnem se in občutim veter, močno se obrnem.; Molči in leti naravnost.
 Vidim, tako težko se obračam.; Vidim, tako težko se obračam.
 Drevo duš.; Drevo glasov.
 To je njihov najsvetejši kraj.; Njihov najsvetejši kraj.
 Vidiš energetski vrtinec in te lažne barvne podobe?; Vidiš Vrtinec na teh pobarvanih slikah?
 To moti moje naprave.; To moti moje instrumente.
 Tam spodaj se dogaja nekaj biološko izjemno zanimivega.; Tam se dogaja nekaj biološko zelo zanimivega.
 Umrla bi za kak vzorec.; Vse bi dala za nekaj vzorcev.
 Za prišleke je dostop strogo prepovedan.; V enem tednu jih je lahko 20.000.
 Res imaš srečo.; Res imaš srečo.
 Bil sem ledeno hladen zračni lovec.; Bil sem svoboden.
 Smrt z višine.; Neusmiljen zračni lovec sem bil. Smrt od zgoraj.
 Edini problem je, da nisem edini.; Edina težava je, da nisi edini.
 Dol!; Dol!
 Za menoj!; Za mano!
 Imenujemo ga veliki leonopteryx.; Naši mu rečejo veliki leonopteriks.
 To je Toruk, zadnja senca.; To je toruk. Zadnja senca.
 Seveda, saj je zadnja, kar jih kdaj vidiš.; Samo hvala bi ti rekel, ker si jih pobila.
 Ded mojega deda je bil Toruk Makto.; Moj prapraded je bil toruk macto.
 Jezdec zadnje sence.; Jezdec zadnje sence.
 Na tem je jahal?; To je jezdil?
 Toruk ga je izbral.; Toruk ga je izbral.
 To se je zgodilo samo petkrat vse od časov prvih pesmi.; V času od Prve pesmi se je zgodilo samo petkrat.
 To je dolgo nazaj. -Ja.; To je dolgo nazaj. -Ja.
 Toruk Makto je bil mogočen.; Toruk macto je bil mogočen.
 Združil je klane v času velikega žalovanja.; V času velike žalosti je združil klane.
 Ves Na'vi narod pozna to zgodbo.; Vsi Na'vi poznajo to zgodbo.
 Zdaj vse izgleda obrnjeno.; Nato pa se je vse spremenilo.
 Kot da bi bil tam zunaj resničen svet, to tukaj pa samo sanje.; Zdaj je vse obrnjeno. Kot da je tam zunaj resnični svet, to tukaj pa sanje.
 Ne morem verjeti, da so minili samo še trije meseci.; Težko je verjeti, da so minili samo trije meseci.
 Sploh se ne spomnim več vsega iz svojega življenja.; Starega življenja se skoraj ne spomnim več.
 Ne vem več, kdo sploh sem.; Ne vem več, kdo sem.
 Saj se nisi izgubil v gozdovih, ali ne?; Si se izgubil v gozdu?
 Tvoje zadnje poročilo je bilo pred več kot dvema tednoma.; Že več kot dva tedna nisi poročal.
 Začel sem že dvomiti, da si dal odpoved.; Začel sem dvomiti o tvoji odločnosti.
 Čas je, da končamo nalogo. -Tega ne morem narediti.; Mislim, da je čas, da opravimo nalogo.
 Saj si že.; Saj ti je že.
 Dal si mi dobre in uporabne podatke.; Dal si mi uporabne podatke.
 Ta kraj z drevesom duš.; Ta kraj z drevesom duš.
 S tem jih bom držal v šahu, ko se bo začel boj, in do tega bo gotovo prišlo.; Če to storim, bom eden od njih.
 Zdaj je čas, da se vrneš.; Zdaj pa je čas, da se vrneš.
 Mimogrede, noge boš dobil nazaj.; Mimogrede, noge boš dobil nazaj.
 Ja. Imam potrditev podjetja.; Ja. Imam potrditev podjetja.
 Dogovor je sklenjen, nocoj si lahko že na shuttlu.; Zdaj pa je čas, da se vrneš.
 Vedno držim svojo besedo.; Vedno držim svojo besedo.
 Končati moram s tem.; To moram končati.
 Ostala je samo še ena stvar.; Samo še ena peklenska luknja.
 Ceremonija.; Ceremonija.
 To je zadnja stvar, da postaneš mož.; Zdaj pa je čas, da se vrneš.
 Če jo opravim bom eden izmed njih.; Če to storim, bom eden od njih.
 Zaupali mi bodo.; In zaupali mi bodo.
 Lahko se bom pogajal o pogojih za njihovo premestitev.; Lahko se bom dogovoril o selitvi.
 Potem pa to tudi opravi, desetar.; Potem me pa nauči videti.
 Na'vi pravijo, da se vsak rodi dvakrat.; Na'vi pravijo, da se človek rodi dvakrat.
 Drugič je, ko si zaslužiš svoj prostor med ljudmi, za vedno.; Drugič se rodiš, ko si prislužiš prostor v ljudstvu za vedno.
 Zdaj si sin Omaticaye.; Zdaj si sin Omaticaye.
 Si del Naroda.; Si del Naroda.
 Pridi.; Pridi.
 Pridi.; Pridi.
 Tukaj je kraj, kjer se poslušajo molitve.; Tu je kraj, kjer so molitve slišane.
 In včasih so tudi uslišane.; In včasih uslišane.
 To drevo imenujemo drevo glasov.; Vsako drevo ima deset na četrto povezav z drevesi okrog sebe.
 Glasov naših prednikov.; Glasov naših prednikov.
 Lahko jih slišim.; Veliko dreves vidim. Lahko se preselijo.
 Živi so, Jake.; Živi so, Jake.
 V Eywi.; V Eywi.
 Zdaj si Omaticaya.; Zdaj si Omaticaya.
 Svoj lok lahko narediš iz lesa domovinskega drevesa.; Lahko si narediš lok iz lesa Domačega drevesa.
 Lahko si tudi izbereš ženo.; In lahko si izbereš žensko.
 Veliko dobrih žensk imamo.; Veliko dobrih žensk imamo.
 Nenat je najboljša pevka.; Ninat je najboljša pevka.
 Nočem Nenat.; Nočem Ninat.
 Paral je dobra lovka.; Peyral je dobra lovka.
 Ja, res je dobra lovka.; Res je dobra lovka.
 Sem že izbral.; Sem že izbral.
 Ampak ta ženska mora tudi izbrati mene.; Ampak tudi ta ženska mora izbrati mene.
 Saj te je že.; Saj ti je že.
 Zdaj sem s teboj, Jake.; Zdaj sem s tabo, Jake.
 Poročena sva za vse življenje.; Združena sva za vse življenje.
 Kaj za vraga delaš, Jake?; Kaj za vraga delaš, Jake!
 Ne pozabi na fazno integracija, srednji gumb.; Ne pozabi fazne integracije.
 Jake, nekaj moraš pojesti.; Jake, nekaj moraš pojesti.
 Jake!; Jake!
 Zbudi se, prosim!; Zbudi se, prosim!
 Ne prisili me, da bom na silo hranila invalida.; Ne stori ničesar izjemno neumnega.
 Tako, končal sem, gremo.; Tako, končal sem, gremo.
 Kdaj si se zadnjič stuširal?; Kdaj si se nazadnje oprhal?
 Ne potrebujem tuširanja. -Jezus, marinec.; Ne potrebujem tuširanja. -Jezus, marinec.
 Jake!; Jake!
 Zbudi se!; Poberi se!
 Stoj!; Stoj!
 Hej, šef.; Hej, vidva.
 Kaj? -Tukaj imam domorodca, ki oponaša zmešano kuro.; Kaj? -Tukaj imam domorodca, ki oponaša zmešano kuro.
 Na poti mi je.; Na poti mi je.
 Kar naprej, se bo že umaknil.; Ta tujec se ne bo ničesar naučil.
 Naučiti se morajo, da se mi ne ustavljamo.; Naučiti se morajo, da se mi ne ustavljamo.
 Dajmo. Gremo, gremo.; Gremo, gremo!
 Vidiš, umaknil se je.; Tako. Umaknil se je.
 Nič ne vidim!; Nič ne vidim!
 Jake! -Neytiri!; Jake! –Neytiri!
 Pridi!; Pridi!
 Zamrzni, zdaj.; Zamrzni, zdaj.
 Povečaj in izostri.; Uporabi, kar imaš, in pokaži rezultate.
 Pasji sin.; Pasji sin.
 Neverjetno.; Neverjetno.
 Pokličite mi pilota. -Ja, gospod.; Ste videli to? –Da, gospod.
 Tsu'Tey bo vodil naše bojevnike.; Tsu'tey bo vodil bojno odpravo.
 Prosim, nehajte!; Prosim, nehajte!
 Vse skupaj boste samo še poslabšali.; Vse skupaj boste samo še poslabšali.
 Tukaj nimaš pravice govoriti!; Tu nimaš pravice govoriti.
 Udarili jih bomo naravnost v srce!; Udarili jih bomo v srce.
 Tsu'Tey! Ne delaj tega!; Tsu'Tey! Ne delaj tega!
 Ti! -Poslušaj, brat...; Ti! -Poslušaj, brat...
 Spala si z zemljanom! -Sranje.; Spala si z zemljanom! -Sranje.
 Je to res?; Je to res?
 Poročila sva se pred Eywo, končano je.; Zdaj pa je čas, da se vrneš.
 Brat, prosim, ne napadajte ljudi iz nebes.; Brat, prosim, ne napadajte ljudi iz nebes.
 Veliko omaticayev bo umrlo, če to naredite. -Ti nisi moj brat!; Veliko omaticayev bo umrlo, če to naredite. -Ti nisi moj brat!
 Pa tudi tvoj sovražnik nisem!; Nisem tvoj sovražnik.
 Sovražniki so tam zunaj! In zelo močni so!; Sovražnik je tam zunaj in zelo močan je.
 Lahko govorim z njimi. -Konec je s pogovori!; Lahko bi te. –Obrzdaj svojega psa.
 Omaticaya sem, sem eden izmed vas.; Omaticaya sem. Eden od vas sem.
 Pravico imam govoriti.; In pravico imam govoriti.
 In nekaj vam moram povedati, vam vsem.; In zaupali mi bodo.
 Zaradi tega, kar moram povedati mi bo okamenelo srce.; To mi bo pokvarilo dan.
 Gospod, oprostite.; Gospod, oprostite.
 Ne smete pretrgati vzpostavljene povezave.; Ne smete pretrgati vzpostavljene povezave.
 To je zelo nevarno!; Zelo težko jih je ubiti.
 Čakajte! -Umirite se, gospod.; Čakajte! -Umirite se, gospod.
 Sem so me poslali...; Sem so me poslali … Vidite?
 Ste zdaj videli?; Ste zdaj videli?
 To je samo še en tujec v lažnem telesu!; Ta tujec se ne bo ničesar naučil.
 Se vam je čisto zmešalo? -Ti si prestopil mejo.; Zdaj si sin Omaticaye.
 Odpeljite ta kos mesa proč.; Odpeljite ta kos mesa proč.
 Jake! Kaj za vraga se dogaja?; Jake! Kaj se dogaja?
 Sinko, izdal si me.; Razočaral si me.
 Pa kaj!; Pa zdaj?
 Našel si domačinko in pozabil, za katero ekipo igraš?; Kako torej, si našel domačinko in pozabil, za katero ekipo igraš?
 Parker, še je čas, da rešimo položaj...; Še lahko rešimo položaj.
 Zapri gobec!; Zapri gobec!
 Ali pa kaj, vojak Rick?; Ali pa kaj, vojak Rick?
 Me boš ustrelil? -Ja, to bi šlo.; Me boš ustrelil? -Ja, to bi šlo.
 Obrzdaj svojega psička.; Obrzdaj svojega psička.
 Lahko to, prosim, rešimo kot odrasli?; Lahko to, prosim, rešimo kot odrasli?
 Praviš, da bi rad obdržal svoje ljudi žive?; Bi radi ohranili svoje ljudi žive?
 Začni tako, da jo poslušaš.; Začni tako, da jo poslušaš.
 Ta drevesa so bila za Omaticaye sveta, na način, ki si ga ne moreš predstavljati.; Tista drevesa so bila za Omaticaye sveta.
 Če tukaj vržeš v zrak palico bo gotovo pristala na kašnem svetem listu.; Tu je deset na dvanajsto dreves.
 Ne govorim o nekem poganskem vuduju.; Ne bi smel biti tu.
 Govorim o resnični stvari, o nečem, kar je mogoče izmeriti v biologiji gozda.; Kamorkoli tu vržeš palico, pade na kakšno sveto praprot, za božjo voljo! –Ne gre za kakšen poganski vudu. Gre za nekaj resničnega, izmerljivega v gozdu.
 In kaj natančno je to?; In kaj je to?
 Zaenkrat za gotovo vemo, da obstaja neke vrste elektro-kemična komunikacija med koreninami dreves.; Mislim, da nekakšna elektrokemična komunikacija med koreninami dreves, kot sinapse med nevroni.
 Tak kot sinapse ned nevroni.; Mislim, da nekakšna elektrokemična komunikacija med koreninami dreves, kot sinapse med nevroni.
 Vsako drevo ima deset do štirideset povezav do okoliških dreves.; Vsako drevo ima deset na četrto povezav z drevesi okrog sebe.
 Na Pandori je deset na dvanajsto potenco dreves.; Tu je deset na dvanajsto dreves.
 Domnevam, da je to veliko?; Je to res?
 To je več povezav kot v človeških možganih.; To je več povezav kot v človeških možganih.
 Razumeš? To je omrežje.; To je dejstvo.
 To je globalno omrežje in Na'vi imajo dostop do njega.; Sovražnik je tam zunaj in zelo močan je.
 Podatke lahko nanj nalagajo in sprejemajo.; V enem tednu jih je lahko 20.000.
 Spomine, na mestih kot je bilo to, ki ste ga uničili.; Na krajih, kakšnega ste uničili.
 Kaj za vraga ste vi ljudje tam zunaj kadili?; Kaj ste pa kadili tam zunaj?
 To je samo prekleto drevje.; Če pridejo do Drevesa duš, je konec.
 Čas je, da se zbudiš, Parker. -Ne, vi se morate zbuditi.; Ta kraj bodo uničili. –Neytiri, morate oditi.
 Bogastvo tega sveta ni v zemlji, pač pa vsepovsod okrog nas.; Bogastvo tega sveta ni v tleh, ampak vse okrog nas.
 Na'vi se tega zavedajo in borili se bodo, da to obranijo.; Na'vi to vedo, zato ga branijo.
 Če hočete ta svet deliti z njimi jih morate razumeti.; Če hočete deliti ta svet z njimi, jih morate razumeti.
 Mislim, da jih zahvaljujoč Jaku dovolj dobro razumemo.; Mislim, da je čas, da opravimo nalogo.
 Doktorica, pridite in poglejte.; Doktorica, pridite in poglejte.
 Nikoli se ne bodo odrekli domu.; Ne bodo se odpovedali svojemu domu.
 Ne bodo sklepali kupčij.; Ne bodo se odpovedali svojemu domu.
 Za kaj, za brezalkoholno pivo?; Za kaj? Za pivo?
 In kavbojke?; In kavbojke?
 Nimamo ničesar, kar bi oni hoteli.; Nič takega nimamo, kar bi jih mikalo.
 Vse, za kar so me poslali sem, je bila izguba časa.; Vse, za kar so me poslali sem, je bila izguba časa.
 Nikoli ne bodo zapustili domovinskega drevesa.; Nikoli ne bodo zapustili Domačega drevesa.
 Ker pogodba ni mogoča postanejo zadeve res enostavne, Jake.; Ker pogodba ni mogoča postanejo zadeve res enostavne, Jake.
 Hvala.; Hvala.
 Čisto sem se raznežil, skoraj bi te poljubil.; Samo hvala bi ti rekel, ker si jih pobila.
 Opravil bom z kar najmanj žrtvami med domačini.; Opravil bom s čim manj žrtvami med domorodci.
 Najprej jih bom izgnal s plinom.; Najprej jih bom pregnal s plinom.
 To bo človeško.; Ampak to se ne bo zgodilo.
 Bolj ali manj.; Bolj ali manj.
 Prav, pritisnimo sprožilec.; Prav, pritisnimo sprožilec.
 Tako to poteka.; Tako se to dela.
 Ko ljudje sedijo na tem, kar hočeš imeti, jih narediš za sovražnike, tako opravičiš to, kar si prisvojiš.; Če nekdo sedi na nečem, kar hočeš, ga narediš za sovražnika. In potem mu imaš pravico tisto vzeti.
 Quatrich se spravlja v bojna letala.; Zunaj se domorodske horde zbirajo za napad.
 Napadel bo domovinsko drevo. -Moj bog.; Napadel bo domovinsko drevo. -Moj bog.
 Dr. Augustine, ne smete sem!; Dr. Augustine, ne smete sem. –Umakni se!
 Umakni se!; Poberi se!
 Parker! Čakaj, ustavi.; Parker! Čakaj, ustavi.
 To so ljudje, ki jih nameravaš...; To so ljudje, ki jih nameravaš...
 To so navadni divjaki, ki živijo na drevesu.; To so ušivi divjaki, ki živijo v drevesu.
 Poglejte naokrog.; Poglejte naokrog.
 Ne vem, kaj je z vami, ampak jaz vidim veliko dreves.; Tu je deset na dvanajsto dreves.
 Lahko se preselijo.; Veliko dreves vidim. Lahko se preselijo.
 Bi se lahko vidva... -Tam so družine.; Mater, so veliki.
 Otroci, dojenčki. Boš pobijal otroke?; Boš pobil otroke?
 Verjemi mi, da nočeš krvi otrok na svojih rokah.; Verjemi mi, da nočeš krvi otrok na svojih rokah.
 Naj jih poskusim pregovoriti.; Dovolite mi, da jih prepričam.
 Zaupajo mi.; Zaupajo mi.
 Kalibrirajte naprave, gremo noter.; Kalibrirajte naprave, gremo noter.
 Poslušaj me, uro časa imate.; Poslušaj. Eno uro časa imaš.
 Če nočeš svojega dekleta tam notri ko padejo sekire jih prepričaj v umik. V eni uri.; Če nočeš, da je tvoja punca tam, ko bomo napadli, naj se izselijo. Ena ura.
 Oče! Mati!; Oče!
 Eytukan, nekaj vam moram povedati.; Eytukan, nekaj bi rad povedal.
 Poslušajte ga.; Odpeljite ga.
 Govori, Jake Sully.; Jake Sully.
 Veliko zlo prihaja nad nas...; Veliko zlo nam grozi.
 Ljudje iz nebes prihajajo sem, da bi uničili naš dom.; Ljudje z neba bodo prišli, da bi uničili Domače drevo.
 Da nas uničijo? -Lažnivec!; Da nas uničijo? -Lažnivec!
 Povejte jim, da bodo kmalu tukaj.; Verjemite, da so tam.
 Morate oditi, drugače boste vsi umrli.; Oditi morate, drugače boste umrli.
 Si prepričan v to?; Si prepričan?
 Sem so me poslali, da bi se učil o vas.; Sem so me poslali, da bi vas spoznal in da bi vam nekoč lahko predal to sporočilo.
 Da bi vam lahko nekega dne predal to sporočilo in da bi mi vi verjeli.; Sem so me poslali, da bi vas spoznal in da bi vam nekoč lahko predal to sporočilo.
 Kaj praviš, Jake?; Kaj za vraga delaš, Jake!
 Vedel si, da se bo to zgodilo?; Kaj hočeš reči? Si vedel, da se bo to zgodilo?
 Ja.; Ja.
 Najprej sem samo poslušal ukaze.; Sprva sem samo ubogal ukaz.
 Potem pa se je vse spremenilo.; Nato pa se je vse spremenilo.
 Zaljubil sem se.; Zaljubil sem se.
 Zaljubil sem se v gozd.; Zaljubil sem se v gozd, v ljudstvo Omaticaya in vate.
 V narod Omaticaya.; V narod Omaticaya.
 V tebe.; Tudi jaz tebe.
 Zaupala sem ti. -Zaupaj mi še zdaj, prosim.; Zaupala sem ti! –Zaupaj mi še zdaj, prosim.
 Nikoli ne boš član Naroda!; Nikoli ne boš eden od nas!
 Poskusil jih je ustaviti!; Ne bi smel … –Poskušali smo jih ustaviti!
 Zvežite ju.; Zvežite ju.
 Ne delajte tega!; Ne delajte tega!
 Proč morate, prihajajo!; Proč morate, prihajajo!
 Zbežite v gozd! -Prihajajo!; Zbežite v gozd! –Prihajajo!
 Hočejo uničiti ta kraj.; Hočejo uničiti ta kraj.
 Neytiri, takoj moraš proč.; Neytiri, takoj moraš proč.
 Pojdite v gozd! Bežite!; Bežite v gozd! Bežite!
 Bežite!; Bežite!
 Ne bojte se!; Ne bojte se!
 Prekleto, bežite!; Prekleto, bežite!
 Zajahajte Ikrane in napadite z neba.; Zajahajte Ikrane in napadite z neba.
 To pa je res prekleto veliko drevo.; Ampak to je bila le teorija.
 Glej, glej.; Glej, glej.
 Izgleda, da je diplomaciji spodletelo.; Glej, glej. Kaže, da je diplomaciji spodletelo.
 V redu, ljudje, pa opravimo.; V redu, grem.
 Hočem, da gre vsak naboj plina naravnost skozi glavna vrata.; Vodja varnostnikov sem. Moja naloga je, da vas ohranim žive.
 Razumem, CS-40 je pripravljen.; Mislim, da je drugi obroč nosilen.
 Ogenj. -Streljam.; Ogenj. -Streljam.
 Zadetek. Dobro ciljaš, mojster.; Dobro se uči, Jakesully.
 Gospod, streljajo na nas.; Streljajo na nas. Gremo!
 Ne zafrkavajte me.; Ne zafrkavajte me.
 Ti bedaki niso razumeli sporočila.; Ti bedaki niso razumeli sporočila.
 Malo jim podkurimo, vključite rakete.; Malo jim podkurimo, vključite rakete.
 Ogenj.; Ogenj.
 Vsi se umaknite v gozd!; Odklopili se bodo!
 Tako se znebiš ščurkov.; Tako se prežene ščurke.
 Neytiri!; Neytiri!
 Proč morava, razstrelil bo stebre!; Stran morava, uničil bo stolpe.
 Moat, ne!; Človek, ne!
 Če si res eden izmed nas...; Nikoli ne boš eden od nas!
 nam pomagaj.; nam pomagaj.
 Vse enote, vključite rakete.; Vse enote, vklopite izstrelke.
 Namerite na osnovo zahodnih stebrov.; Imajo zunanji obroč stebrov.
 Sem!; Sem!
 Ja, mala, tu imaš!; Tu imaš!
 Podrite ga.; Odpeljite ga.
 Pridi, Grace, hitro!; Gremo, hitro!
 Na tla!; Veš, kaj to pomeni. Na tla.
 Odjebi.; Odjebi.
 Kaj za vraga delaš?; Kaj delaš?
 Nisem podpisala za tako sranje!; Nisem podpisala za tako sranje!
 Gremo!; Gremo!
 Dobro opravljeno, ljudje.; Mirno, ljudje.
 Nocoj plačam prvo rundo.; Dobro ste opravili. Nocoj prvo rundo plačam jaz.
 Gremo.; Gremo.
 Oče!; Oče!
 Oče!; Oče!
 Hči...; Hči...
 Vzemi moj lok.; Hčerka, vzemi moj lok.
 Zaščiti naš narod.; Zaščiti naš narod.
 Neytiri!; Neytiri!
 Žal mi je.; V redu. Žal mi je.
 Pojdi proč!; Pojdi proč!
 Pojdi proč!; Pojdi proč!
 Nikoli se ne vračaj!; Nikoli se ne vrni!
 Izključite.; Izključite.
 Tega ne smete!; Ne, tega ne smete! –Tega ne smete!
 Bil sem bojevnik, ki je sanjal, da bo prinesel mir.; Bil sem bojevnik, ki je mislil, da lahko prinese mir.
 A prej ali pozneje, na koncu se vedno zbudiš.; Toda prej ali slej se moraš zbuditi.
 Pošasti!; Pošasti!
 Kako kaj gre, dolgo se že nisva videla.; Kaj se dogaja? Dolgo se nisva videla.
 Osebno menim, da si ti izdajalski ljubitelji drevja ne zaslužijo zrezkov.; Po mojem si ti izdajalci ne zaslužijo zrezka.
 Dobili so zrezke? Zajebavaš, daj da vidim.; Dobili so zrezke? Zajebavaš, daj da vidim.
 Veš, kaj je to. Na tla.; Veš, kaj to pomeni. Na tla.
 Trudy, moj bog...; Trudy, moj bog...
 Max!; Max!
 Trudy, zaženi letalo.; Trudy, vžgi ladjo. Gremo!
 Drži.; Drži.
 Prosto je, pridite.; Prosto je, pridite.
 Tukaj imaš.; Tukaj imaš.
 Max, ostani tukaj.; Max, ostani tukaj.
 Tukaj potrebujem nekoga, ki mu lahko zaupam.; Max, ostani tu. Potrebujem nekoga, ki mu zaupam.
 Prav, pojdi.; Prav, pojdi.
 Vse prosto.; Vse prosto.
 Daj, mala.; Daj, mala.
 Polkovnik, nekaj se dogaja.; Charlie 21, nekaj se premika.
 Nedovoljen zagon motorjev.; Nedovoljen zagon motorjev.
 Gremo!; Gremo!
 Nadenite si maske!; Nadenite si maske!
 Streljajo na nas, gremo!; Streljajo na nas. Gremo!
 Polkovnik!; Polkovnik!
 Sranje.; Sranje.
 Ste vsi v redu tam zadaj? -Ja.; Norm, si v redu? –Ja.
 Norm, si v redu? -Ja.; Norm, si v redu? –Ja.
 To mi bo pokvarilo dan.; To mi bo pokvarilo dan.
 Grace so zadeli. -Kaj?; Grace je ranjena. –Kaj?
 Prva pomoč je spredaj.; Pritisni. –Prva pomoč je spredaj.
 Drži se, Grace. -Ni pomembno.; Bala sem se, Jake.
 Je že v redu.; Je že v redu.
 Smo pripravljeni? -Dvigni ga.; Lahko gremo. –Dvigni ga.
 Drži se.; Prebudi se.
 Prosto je!; Prosto je!
 Pojdi na sever, globoko v planine.; Pojdi nazaj.
 Razumem.; Razumem.
 Norm, si v redu tam zgoraj?; Norm, si v redu tam zgoraj?
 Ja, še sem tukaj.; Ja, še sem tukaj.
 Tukaj nam vsaj ne morejo slediti.; Tukaj nam vsaj ne morejo slediti.
 Ne tako globoko v vrtincu.; Ampak ne tako kot tu.
 Najmočnejši je ob drevesu duš, ali ne?; Pri Drevesu duš je najmočnejši, ne?
 Ja. -Dobro.; Ja. -Dobro.
 Zato, ker gremo točno tja.; Zato, ker gremo točno tja.
 Res si prava cmera.; Res je dobra lovka.
 Se premikamo?; Se lahko malo pomirimo?
 Poiskal ti bom pomoč, Grace.; Pomoč ti bom poiskal.
 Znanstvenica sem, še se spomniš?; Znanstvenica sem, še se spomniš?
 Ne verjamem v pravljice.; Ne verjamem v pravljice.
 Narod ti bo pomagal, prepričan sem v to.; Narod ti bo pomagal, prepričan sem v to.
 Zakaj bi nam hoteli pomagati?; Zakaj bi nam pomagali?
 Narod pravi, da bo Eywa poskrbela za nas.; Ljudstvo pravi, da bo Eywa pomagala.
 Ampak brez doma in upanja so lahko šli samo na en kraj.; Ko so ostali brez doma in upanja, so se lahko zatekli le na en kraj.
 Povezava deluje, kakšen načrt imaš, Jake?; Slušni odziv normalen. Kako se počutiš, Jake?
 Ni načrta.; Ni načrta.
 Tsu'Tey je zdaj šef tam.; Zdaj je pri Eywi.
 Niti blizu ti ne bo dovolil.; Ne bo ti všeč.
 Moram poskusiti.; Moram poskusiti.
 Vključujem.; Vključujem.
 Odpadnik, izdajalec, tujec.; Odpadnik, izdajalec, tujec.
 Bil sem na kraju, ki ga oko ne vidi.; Bil sem na kraju, ki ga oko ne vidi.
 Potreboval sem njihovo pomoč in oni so potrebovali mojo.; Potreboval sem njihovo pomoč, oni pa mojo.
 Da pa bi jim lahko zopet stopil pred oči, bom moral zadevo dvigniti na čisto nov nivo.; Če sem jim hotel še kdaj stopiti pred oči, sem moral storiti nekaj velikega.
 Včasih se nam celotno življenje obrne v eni sami nori potezi.; Včasih se življenje strne v eno samo noro potezo.
 Nekaj morava narediti.; Nekaj morava narediti.
 In ne bo ti všeč.; Ne bo ti všeč.
 Po tem, kar sem vedel je Turok najhujša zver na nebu.; Zaljubil sem se v gozd, v ljudstvo Omaticaya in vate.
 Njega nihče ne napade.; Jaz sem samo pešak, ki gre nekam, kamor si ne želi.
 Mirno, fant.; Mirno, fant.
 Zakaj bi torej kdaj pogledal gor?; Zakaj bi se torej oziral gor?
 To je bila samo teorija.; Ampak to je bila le teorija.
 Vidim te.; Vidim te.
 In jaz tebe.; Tudi jaz tebe.
 Bala sem se, Jake.; Bala sem se, Jake.
 Za moj narod.; Za moj narod.
 Sedaj pa me ni več strah.; Sploh mi ni treba braniti.
 Tsu'Tey, sin Ateya, pred teboj stojim, da poskusim rešiti narod Omaticaya.; Tsu'tey, Ateyev sin, pred tabo stojim, pripravljen služiti ljudstvu Omaticaya.
 Ti si njihov vodja.; Ti si kriv. Ne bi jim bilo treba umreti.
 In velik bojevnik.; In velik bojevnik.
 Brez tebe mi ne bo uspelo.; Brez tebe mi ne bo uspelo.
 Toruk Makto.; Toruk Makto.
 Letel bom s teboj.; Toruk Macto, letel bom s tabo.
 Moja prijateljica umira.; Moja prijateljica umira.
 Grace umira.; Grace umira.
 Prosim za pomoč Eywe.; Prosim za Eywino pomoč.
 Poglej, kje sva, Grace.; Poglej, kje sva, Grace.
 Vzorec potrebujem.; Vzorec potrebujem.
 Velika mati se lahko odloči, da prenese vse, kar ona je v to telo.; Velika mati lahko reši vse, kar je v tem telesu.
 Je to mogoče?; Je to mogoče?
 Mora skozi oko Eywe in se potem vrniti.; Iti mora skozi Eywino oko in se vrniti.
 Ampak, Jake Sully zelo slabotna je.; Ampak, Jakesully, zelo šibka je.
 Drži se, Grace, pomagali ti bodo.; Drži se, Grace. Ozdravili te bodo.
 Poslušaj nas, vsemogočna mati. Prosimo te za pomoč.; Poslušaj nas, vsemogočna mati. Prosimo te za pomoč.
 Eywa, pomagaj ji.; Eywa, pomagaj ji.
 Sprejmi vase ta duh...; Vzemi ta duh vase in ga dahni nazaj med nas.
 in jo obudi nazaj.; Pojdi nazaj.
 Naj hodi zopet z nami...; Naj spet hodi med nami kot ena od nas.
 kot ena izmed Naroda.; kot ena izmed Naroda.
 Jake...; Jake...
 Grace.; Grace.
 Z njo sem, Jake.; Pri njej sem, Jake.
 Resnična je.; Resnična je.
 Grace! Grace!; Grace!
 Kaj se dogaja?; Kaj se dogaja?
 Je delovalo?; Je uspelo?
 Njene rane so bile prehude.; Rane so bile prehude. Premalo časa je bilo.
 Ni bilo dovolj časa.; Ni bilo dovolj časa.
 Zdaj je z Eywo.; Zdaj je pri Eywi.
 S tvojim dovoljenjem bi zdaj spregovoril.; Če dovoliš, bi rad nekaj povedal.
 Bilo bi mi v čast, če boš prevajal.; V čast mi bo, če boš prevajal.
 Ljudje iz nebes so nam poslali sporočilo, da si lahko vzamejo vse, kar si želijo.; Ljudje z neba so nam sporočili, da lahko vzamejo, kar hočejo, in da jih ne more nihče ustaviti.
 In da jih nihče ne more ustaviti.; Razen če jih ustavimo.
 Ampak mi bomo poslali sporočilo njim.; Tudi mi bomo njim poslali sporočilo.
 Poletite naokrog tako hitro, kot vas bo veter lahko nesel.; Pojezdite hitro, kolikor vas veter nese.
 Povejte drugim klanom, naj pridejo sem.; Povejte drugim klanom, naj pridejo sem.
 Povejte jim, da jih kliče Turok Makto.; Recite jim, da jih kliče Toruk Macto.
 Poletite zdaj!; Poletite z mano!
 Z menoj.; Z menoj.
 Moji bratje, sestre, pokazali bomo ljudem z nebes, da si ne morejo vzeti vsega, kar si želijo!; Ljudem z neba bomo pokazali, da ne morejo vzeti, kar hočejo, in da je to naša zemlja.
 In da je to naša dežela!; In tudi to je dejstvo.
 Odjahali smo na vse štiri strani sveta, do klana konjenikov na velikih ravninah, do naroda Ikranov ob vzhodnem morju.; Pojezdili smo na vse štiri smeri neba.
 Ko jih je poklical Turok Makto so prišli.; Ko jih je Toruk Macto poklical, so prišli.
 Dejstvo je, da se vsi na tej bazi borimo za preživetje.; Edina težava je, da nisi edini.
 Tam zunaj se zbira krdelo domorodcev za napad.; Zunaj se domorodske horde zbirajo za napad.
 Orbitalni posnetki kažejo da se je število sovražnikov povečalo od nekaj sto do precej več kot dva tisoč v samo enem dnevu.; Orbitalne slike kažejo, da je njihovo število z nekaj sto v enem dnevu naraslo na več kot dva tisoč.
 In še več jih prihaja.; In še več jih prihaja.
 V enem tednu jih je lahko več kot dvajset tisoč.; V enem tednu jih je lahko 20.000.
 Takrat jih bo dovolj, da prebijejo našo obrambo.; Mislim, da je drugi obroč nosilen.
 To se ne sme zgoditi.; Ampak to se ne bo zgodilo.
 Varni smo lahko samo, če napademo prvi.; To se zgodi, če proti njim uporabiš strojnice.
 Proti sili se bomo borili s silo.; Tja bomo šli.
 Sovražniki verjamejo, da njihovo planinsko utrdbo varuje njihovo božanstvo.; Sovražniki verjamejo, da njihovo gorsko oporišče varuje njihovo … Njihovo božanstvo.
 In ko jo uničimo, bomo v njihov spomin naredili tak krater, da se ne bodo približali na manj kot tisoč kilometrov temu mestu nikoli več.; Ko ga bomo uničili, bomo naredili tako veliko luknjo v njihovem kolektivnem spominu, da se temu kraju ne bodo več približali.
 In tudi to bo postalo dejstvo.; In tudi to je dejstvo.
 Jake, tu je norišnica.; Jake, tu je norišnica.
 Polna mobilizacija, shuttle so spremenili v bombnik.; RAZSTRELIVO Tu je noro. Splošna mobilizacija. Raketoplan predelujejo v bombnik.
 Naložili so cele palete rudarskega razstreliva za neko vrsto zastraševalne naloge.; Zunaj se domorodske horde zbirajo za napad.
 Prekleti prasci.; Prekleti prasci.
 Quaritch je prevzel poveljstvo, podivjal je in ne bo se ustavil.; Quaritch je prevzel vodstvo. Nič ga ne bo ustavilo.
 Kdaj? -Zjutraj ob šestih.; Kdaj? –Jutri ob 6.00.
 Moram prekiniti.; Moram poskusiti.
 Najebali smo.; Nasankali smo.
 Upala sem na nek taktični načrt, ki ne vključuje mučeništva.; Upala sem na taktični plan, ki ne bo zahteval mučeništva.
 Proti letalom se bomo borili z loki in puščicami.; Proti bojnim ladjam se bomo borili z loki in puščicami.
 Tam zunaj imam petnajst klanov.; Tam zunaj imam petnajst klanov.
 Več kot dva tisoč bojevnikov.; Več kot 2000 bojevnikov.
 Poznamo te planine, leteli smo med njimi, tudi ti si.; Samo hvala bi ti rekel, ker si jih pobila.
 Oni pa niso.; Oni pa niso.
 Njihove naprave tukaj ne delujejo, usmerjanje raket ne deluje.; Njihovi instrumenti tu ne bodo delali. Sledilne naprave tudi ne.
 Streljali bodo lahko samo na to, kar vidijo.; Zanašati se bodo morali na vid.
 Če se pridejo borit k nam, bomo imeli prednost zaradi terena.; Če bi bil na pripravah, bi to vedel.
 Saj veš, da bo bombnik poslal naravnost na drevo duš.; Stran morava, uničil bo stolpe.
 Vem.; Vem.
 Če pridejo do njega, je konec.; Če pridejo do Drevesa duš, je konec.
 To je njihova direktna povezava z Eywo, z njihovimi predniki.; To je njihova direktna povezava z Eywo, z njihovimi predniki.
 To jih bo uničilo.; Ampak to se ne bo zgodilo.
 Potem pa jih raje ustavimo.; Razen če jih ustavimo.
 Verjetno se zdaj pogovarjam samo z drevesom.; Verjetno se pogovarjam z drevesom.
 Če pa si tam, ti moram nekaj povedati.; Če dovoliš, bi rad nekaj povedal.
 Če je Grace s teboj, poglej v njene spomine.; Če je Grace s tabo, poglej v njene spomine.
 Poglej svet s katerega prihajamo.; Poglej svet, od koder prihajamo.
 Tam ni ničesar zelenega.; Tam ni zelenja.
 Ubili so lastno mati.; Ubili so svojo mater.
 Enako bodo naredili tukaj.; In tu bodo storili isto.
 Še več ljudi bo prišlo iz nebes.; Še več ljudi z neba bo prišlo.
 Prihajalo bodo kot dež, ki ga ni nikoli konec.; Prišli bodo kot dež, ki ga ni nikoli konec.
 Razen, če jih zdaj ustavimo.; Razen če jih ustavimo.
 Zaradi nečesa si me izbrala.; Za nekaj si me izbrala.
 Uprl se bom in se boril.; Uprl in boril se bom.
 Dobro veš, da se bom res.; Veš, da se bom.
 Potreboval pa bi malo pomoči.; Potreboval pa bi malo pomoči.
 Naša Velika mati se ne odloča za nobeno stran.; Naša Velika mati ne izbira strani, Jake.
 Varuje samo ravnotežje življenja.; Ohranja samo ravnotežje življenja.
 Splačalo se je poskusiti.; Splačalo se je poskusiti.
 Govori vodja skupine, vstopamo v energetski vrtinec.; Tu vodja skupine. Vstopamo v Vrtinec.
 Preklopite na ročno upravljanje.; Pripeljite na stezo D, vključite oddajnik.
 Govori oče zmaj.; Govori oče zmaj.
 Hočem, da odprava poteka brez napak. Za večerjo hočem biti doma.; Vodja varnostnikov sem. Moja naloga je, da vas ohranim žive.
 Oklepniki, gremo.; Oklepniki, gremo.
 Prav, dame, pokažimo jim bolečino.; Prav, dame, pokažimo jim bolečino.
 Odprite oči, preverjajte vse pred vami.; Pripravite vse orožje.
 Pazite na toplotne posnetke.; Pazite na toplotne posnetke.
 Vse enote, očka prevzema poveljstvo.; Vse enote, vklopite izstrelke.
 Gremo proti tarči.; Glavni napreduje proti tarči.
 Spremstvo, bodite v bližini mojega letala.; Spremstvo, bodite v bližini mojega letala.
 Tukaj nam bodo oskubili malo barve.; Prišli bodo kot dež, ki ga ni nikoli konec.
 Strelne posadke, dobro odprite oči.; Strelne posadke, dobro odprite oči.
 Ne delajte napak, ljudje, gotovo so nekje tukaj.; Verjemite, da so tam.
 V redu, tarča na vidiku. Oddaljenost štiri kilometre.; V redu. Lokacija: koča.
 Valkira 16, pripravite svoj tovor.; Valkira 1–6, pripravi svoj tovor.
 Razumem. -Naložimo tovor.; Razumem. -Naložimo tovor.
 Da, gospod. -Držite svoj položaj.; Zveni dobro, gospod.
 Porinimo ga k rampi!; Spravi ga k rampi!
 Ostanite na svojem mestu.; Tega nočete imeti na vesti, verjemite.
 Gospod, na tleh so opazili premike.; Gospod, na tleh so opazili premike.
 V strelno črto! -Tarče se približujejo.; V strelno črto! -Tarče se približujejo.
 Oddaljenost 400 metrov.; Tarče se bližajo. Doseg: 400 metrov.
 Lahko očistite sliko? -Ne, gospod, zaradi vrtinca.; Lahko očistite sliko? -Ne, gospod, zaradi vrtinca.
 Brat, naredil nam bom prehod, sledi mi skozi njega.; Toruk Macto, letel bom s tabo.
 Vse letala, odprite ogenj.; Vse letala, odprite ogenj.
 Zavij desno, obrnimo se.; Zavij desno, obrnimo se.
 Zapustite formacijo, napadite sovražnike.; Razbijte formacijo, uničite sovražnika.
 Škorpijoni, zasledujte jih in jih uničite.; Škorpijoni, zasledujte in uničite.
 Jake, Jake, me slišiš?; Jake, me slišiš?
 Umikamo se! Potolkli so nas!; Umikamo se! Potolkli so nas!
 Razumem, umaknite se.; Razumem, umaknite se.
 To je on, za njim!; To je on. Za njim!
 Uničite ga!; Uničite ga!
 Posvetite ji.; Posvetite ji.
 Niste edini z orožjem, prasci.; Niste edini z orožjem, prasci.
 Ne izgubite je iz oči!; Ne izgubite je iz oči!
 Tako je prav!; Tako je prav!
 Odpadnica ena je zadeta. Padam!; Rogue 1 je zadet. Nazaj grem.
 Žal mi je, Jake.; Žal mi je, Jake.
 Ogenj!; Ogenj!
 Tsu'Tey, brat, me slišiš?; Tsu'tey! Brat, me slišiš?
 Odpadnica ena, me slišiš?; Jake, me slišiš?
 Trudy?; Trudy?
 Do tarče še dve minuti. -Valkira 16, lahko napadete.; Valkira 1–6, lahko napadeš.
 Razumem, zmaj, začenjamo bombardiranje.; Razumem, zmaj, začenjamo bombardiranje.
 Odvrzite številko ena!; Odvrzite številko ena!
 Številka ena pripravljena!; Številka ena pripravljena!
 Jake!; Jake!
 Slišim te.; Slišim te.
 Neytiri.; Neytiri.
 Čisto blizu so, tako veliko jih je.; Zelo blizu so. Veliko jih je.
 Ne napadaj.; Ne napadaj.
 Si slišala, Neytiri?; Me slišiš, Neytiri?
 Ne napadaj!; Ne napadaj!
 Umakni se, beži proč! To je ukaz!; Umakni se. Pojdi stran! To je ukaz!
 Neytiri!; Neytiri!
 Opažam premikanje.; Opažam premikanje.
 Ostanite na položaju.; Ostanite na položaju.
 Nekaj prihaja.; In še več jih prihaja.
 Opažam premike, oddaljenost 200 metrov.; Opažam premike, oddaljenost 200 metrov.
 Pripravite se.; Pripravite vse orožje.
 Bežimo proč!; Bežimo proč!
 Umaknite se!; Umaknite se!
 Jake!; Jake!
 Eywa te je slišala.; Jake, Eywa te je slišala.
 Eywa te je slišala!; Eywa te je slišala!
 Gospod, vse spremljevalne enote so uničene ali pa se umikajo.; Vsi v tem oporišču se borimo za preživetje.
 Opravimo že s tem.; Opravimo to, ljudje.
 Valkira 16, tukaj zmaj, nadaljujte proti tarči.; Glavni napreduje proti tarči.
 Razumem. Napredujemo proti tarči. Pripravite se za met, še 30 sekund.; Razumem. Napredujemo proti tarči. Pripravite se za met, še 30 sekund.
 Na moj znak. Dva, ena, zdaj.; Na moj znak. Dve, ena, zdaj.
 Odvrzi!; Odvrzi!
 To je Sully!; Eywa te je slišala!
 Nataknite si maske! -Izgubljamo zrak!; Nataknite si maske! -Izgubljamo zrak!
 Pridi k očku.; Pridita k očku.
 Predaj se, Quaritch.; Predaj se, Quaritch.
 Konec je.; Konec je.
 Ni konec dokler še diham.; Ni konec dokler še diham.
 Na nek način sem kar upal, da boš to rekel.; Upal sem, da boš to rekel.
 Pridi!; Pridi!
 Sully, kakšen je občutek ko izdaš lastno raso?; Hej, Sully, kako je, če izdaš lastno raso?
 Misliš, da si eden izmed njih?; Misliš, da si eden od njih?
 Čas je, da se zbudiš.; Zdaj pa je čas, da se vrneš.
 Jake!; Jake!
 Jake...; Jake...
 Jake...; Jake...
 Jake! Moj Jake!; Jake! Moj Jake!
 Vidim te.; Vidim te.
 Vidim te.; Vidim te.
 Tujci so odšli nazaj na svoj umirajoči svet.; Tujci so se vrnili na svoj umirajoči planet.
 Le redke smo izbrali, da lahko ostanejo.; Le redke smo izbrali, da lahko ostanejo.
 Čas velikega žalovanja se je končal.; Čas velike žalosti je bil pri koncu.
 Toruk Makto ni več bil potreben.; Toruk Macta niso več potrebovali.
 Mislim, da je to moj zadnji posnetek.; Obožujem to palico. Obožujem to palico.
 Karkoli se bo nocoj zgodilo...; Ampak to se ne bo zgodilo.
 Tako ali drugače, ne bom se več vrnil na ta kraj.; Karkoli se bo že zgodilo nocoj, kakorkoli se bo izteklo, nazaj sem me ne bo več.
 Čas bo, da grem.; Čas bo, da grem.
 Ne bi rad zamudil na lastno zabavo.; Nočem zamuditi na svojo zabavo.
 Navsezadnje je to moj rojstni dan.; Navsezadnje je moj rojstni dan.
 Jake Sully končuje.; Jake Sully končuje poročilo.
